SensorCode,DateTimeUtc,Address,Mean,Max,Packets,Oui,Channel,Retry,PacketType
557,1-1-2020 05:15,f4119oxj3DI=,-89,-89,1,MBDk,,,
557,1-1-2020 10:12,DOYzjPFTZTM=,-81,-81,2,GGWQ,,,
557,1-1-2020 11:19,gQaOzPcQCtw=,-67,-67,1,bBnA,,,
557,1-1-2020 13:55,Y1AU7k9yRxg=,-83,-83,1,froa,,,
557,1-1-2020 15:03,Btg2+AHWwUs=,-83,-83,1,CHgI,,,
557,2-1-2020 09:55,roeoZ0/8ucg=,-79,-79,1,fDit,,,
557,2-1-2020 10:19,GG/fA8uyCAs=,-85,-85,1,KtWu,,,
557,2-1-2020 13:59,VA2cm6bZAqI=,-76,-79,2,6tU4,,,
557,2-1-2020 14:25,7LjZe6BEejQ=,-43,-43,2,lj4T,,,
557,2-1-2020 14:40,V5VGV5/X6l8=,-73,-73,1,XF9n,,,
557,2-1-2020 15:28,i7XOoJO/e+8=,-61,-61,1,aOzF,,,
557,2-1-2020 15:28,6WrUBtB9fNM=,-81,-81,1,LifX,,,
557,2-1-2020 21:07,4IPLC0eQd0Q=,-87,-87,1,fEaF,,,
557,3-1-2020 06:06,ct7BDi/naYE=,-85,-85,1,dNo4,,,
557,3-1-2020 13:28,b9SURmsGYxs=,-78,-77,2,kl5I,,,
557,3-1-2020 14:10,2pfJhO0bcvU=,-79,-79,1,lsDi,,,
557,4-1-2020 08:55,PfK5wsASTFk=,-58,-57,2,bkaU,,,
557,4-1-2020 10:52,XAenEPf1joc=,-69,-69,1,OKKM,,,
557,4-1-2020 11:34,XAenEPf1joc=,-74,-75,2,OKKM,,,
557,4-1-2020 12:20,lAGklZQu8Vs=,-71,-71,1,upqD,,,
557,4-1-2020 14:01,fmCB3wptiHM=,-73,-75,2,Jpva,,,
557,4-1-2020 15:39,5bVZcJdSZpQ=,-77,-77,1,XgvU,,,
557,4-1-2020 20:14,ct7BDi/naYE=,-89,-89,1,dNo4,,,
557,5-1-2020 16:34,ZEFS80xvQEY=,-77,-77,1,bK34,,,
557,5-1-2020 17:12,qS1lTquwgY8=,-71,-71,2,iErq,,,
557,6-1-2020 12:08,F0edA6ZAy8c=,-81,-79,2,JBgd,,,
557,6-1-2020 14:04,v0Snfcpz+I8=,-83,-83,1,Ah1j,,,
557,6-1-2020 14:45,a/YSTZga6HM=,-85,-85,1,ciP4,,,
557,7-1-2020 09:59,P9TESLpB7OI=,-85,-85,1,HgMk,,,
557,7-1-2020 10:24,pEDY2YNOXH8=,-89,-89,1,PAdx,,,
557,7-1-2020 11:20,YGCojw0Jd8g=,-65,-65,2,rs44,,,
557,7-1-2020 11:50,h1pV/TjdjH4=,-79,-79,1,FJ88,,,
557,7-1-2020 16:05,0k5KNZmRMUw=,-77,-77,1,JHcD,,,
557,7-1-2020 18:12,peghDdghYvo=,-662,-59,12,hCUZ,,,
557,7-1-2020 19:27,peghDdghYvo=,-655,-59,17,hCUZ,,,
557,8-1-2020 10:46,peghDdghYvo=,-47,-55,1,hCUZ,,,
557,8-1-2020 15:26,nIreGs0TKe8=,-43,-43,1,2qEZ,,,
557,8-1-2020 16:05,4IPLC0eQd0Q=,-87,-87,1,fEaF,,,
557,9-1-2020 02:31,YLRAHbaPVfE=,-65,-65,1,6B2o,,,
557,9-1-2020 08:36,Xrs1dSUGXck=,-43,-55,1,MAdN,,,
557,9-1-2020 09:03,9+zPemF9XT4=,-72,-77,2,TBuG,,,
557,9-1-2020 13:09,i7XOoJO/e+8=,-63,-61,2,aOzF,,,
557,9-1-2020 13:37,6Ej0OWQp5mg=,-77,-77,1,4NCD,,,
557,9-1-2020 18:10,tqMp09Pi8Lc=,-77,-77,1,hmG6,,,
557,9-1-2020 22:18,2OPhgtuBFrw=,-81,-83,2,cPEc,,,
557,10-1-2020 12:00,V5VGV5/X6l8=,-71,-71,1,XF9n,,,
557,10-1-2020 14:16,f41+l5XQ+Dw=,-81,-81,1,/ly+,,,
557,10-1-2020 19:56,VGUcdObuHoc=,-81,-81,2,vnNN,,,
557,11-1-2020 11:42,ALUCVDCtsbQ=,-79,-79,1,Ms39,,,
557,11-1-2020 12:42,rr0/25AtgXU=,-75,-79,2,THS/,,,
557,11-1-2020 20:29,yXSP4uhBi3Y=,-87,-87,1,iua7,,,
557,12-1-2020 03:25,vtlcJx5O5cA=,-83,-83,1,oBgo,,,
557,12-1-2020 07:48,i7XOoJO/e+8=,-59,-59,1,aOzF,,,
557,12-1-2020 16:40,peghDdghYvo=,-639,-61,17,hCUZ,,,
557,12-1-2020 19:00,V5VGV5/X6l8=,-71,-71,1,XF9n,,,
557,13-1-2020 10:09,WtyG6D7O6TE=,-61,-61,1,2ncw,,,
557,13-1-2020 11:23,CGomEJmri3k=,-83,-83,1,#NAME?,,,
557,13-1-2020 17:39,4eua+bfv9NU=,-71,-71,2,QIMd,,,
557,13-1-2020 19:04,nUj/JGSaY74=,-79,-79,1,5k9u,,,
557,14-1-2020 15:00,QbhFH4mJxoA=,-71,-73,2,Sj2S,,,
557,14-1-2020 15:24,QKkV0DOmIME=,-73,-73,2,su51,,,
557,14-1-2020 15:55,WnqohRtqmkk=,-87,-87,1,dsmv,,,
557,15-1-2020 03:09,vzJgQB0eRUs=,-83,-83,1,4uSg,,,
557,15-1-2020 15:15,f9wQT8vS+8Q=,-76,-77,2,2qEZ,,,
557,15-1-2020 21:50,i7XOoJO/e+8=,-57,-57,1,aOzF,,,
557,15-1-2020 22:24,bR3jx5DWKfo=,-82,-81,2,JApk,,,
557,16-1-2020 11:05,3gOXmWoEMeI=,-73,-73,1,ABAg,,,
557,16-1-2020 11:55,rOFbBCujRfQ=,-79,-79,1,StT5,,,
557,16-1-2020 13:40,6Ngfmr+bgbo=,-79,-79,1,Rkbl,,,
557,16-1-2020 15:04,CA+3rGkulnk=,-69,-71,2,lJ8+,,,
557,16-1-2020 18:34,peghDdghYvo=,-667,-63,15,hCUZ,,,
557,16-1-2020 20:10,peghDdghYvo=,-69,-65,17,hCUZ,,,
557,17-1-2020 13:56,iEy//iOAJ9E=,-83,-83,1,iCmc,,,
557,18-1-2020 08:43,TMupej2YjVo=,-80,-79,2,7ibx,,,
557,18-1-2020 09:58,+8cFSST8noE=,-51,-51,1,niRy,,,
557,18-1-2020 12:31,RGHgpjypi4g=,-87,-87,1,hJhm,,,
557,18-1-2020 13:18,cNB35h4jqkQ=,-81,-81,1,Xqc3,,,
557,18-1-2020 13:26,ZASsExYYwXg=,-81,-81,1,5AQ5,,,
557,18-1-2020 19:51,rwfxQgKjKpk=,-85,-85,1,/D2T,,,
557,19-1-2020 15:59,8WpVSkWvjk8=,-79,-77,2,dtzw,,,
557,20-1-2020 08:44,V2AljPuOqu4=,-81,-81,1,UIVp,,,
557,20-1-2020 13:59,RDn9iCLD3Tc=,-77,-77,1,LqJR,,,
557,20-1-2020 15:06,bR3jx5DWKfo=,-79,-79,1,JApk,,,
557,21-1-2020 13:15,tdszegRvgnM=,-65,-65,1,5iRM,,,
557,22-1-2020 02:19,2OPhgtuBFrw=,-76,-79,2,cPEc,,,
557,22-1-2020 03:34,peghDdghYvo=,-648,-63,12,hCUZ,,,
557,22-1-2020 07:23,OGcUuGxdcJQ=,-77,-77,1,ZpU1,,,
557,22-1-2020 08:54,2OPhgtuBFrw=,-89,-89,1,cPEc,,,
557,22-1-2020 11:45,ZXS4Aw9QkS0=,-81,-81,2,yK6c,,,
557,22-1-2020 20:23,i7XOoJO/e+8=,-55,-55,1,aOzF,,,
557,23-1-2020 07:57,i7XOoJO/e+8=,-59,-59,1,aOzF,,,
557,23-1-2020 10:43,OsNKEELq050=,-81,-81,1,8mzu,,,
557,23-1-2020 12:51,evxXYS/rhR4=,-71,-71,1,zkFO,,,
557,23-1-2020 13:49,UReGHsTFu8Q=,-66,-65,2,LsrY,,,
557,23-1-2020 14:09,DjqrbVIje6s=,-59,-59,2,5h0i,,,
557,23-1-2020 15:32,e5O7vJ3uLEM=,-87,-87,1,gk/3,,,
557,23-1-2020 17:16,V5VGV5/X6l8=,-71,-71,1,XF9n,,,
557,24-1-2020 00:26,48ObbNWbtvI=,-87,-87,1,HCMs,,,
557,24-1-2020 01:14,peghDdghYvo=,-633,-57,18,hCUZ,,,
557,24-1-2020 17:37,n9Dlr4RuCUE=,-69,-69,1,WMk1,,,
557,25-1-2020 09:56,bW1AKcpDPzk=,-59,-59,2,mmSs,,,
557,25-1-2020 11:40,thpW6bws+CQ=,-83,-83,1,RiNP,,,
557,25-1-2020 16:49,NFH2AYzEs5w=,-84,-83,2,vEEB,,,
557,25-1-2020 22:31,i7XOoJO/e+8=,-57,-57,1,aOzF,,,
557,26-1-2020 00:49,V5VGV5/X6l8=,-71,-71,1,XF9n,,,
557,26-1-2020 03:53,OGXsLufap+4=,-87,-87,1,1KM9,,,
557,26-1-2020 05:40,2OPhgtuBFrw=,-83,-83,1,cPEc,,,
557,26-1-2020 05:51,DOYzjPFTZTM=,-71,-71,2,GGWQ,,,
557,27-1-2020 04:40,CGomEJmri3k=,-82,-81,2,#NAME?,,,
557,27-1-2020 12:08,ct7BDi/naYE=,-80,-75,2,dNo4,,,
557,27-1-2020 13:44,dTdVuijdDk4=,-85,-85,1,YPGJ,,,
557,27-1-2020 15:25,+ggGWSBvdiQ=,-85,-85,1,sh8Y,,,
557,27-1-2020 19:51,i7XOoJO/e+8=,-65,-65,1,aOzF,,,
557,28-1-2020 05:10,4jpox4xUay8=,-79,-79,1,qhG9,,,
557,28-1-2020 15:43,i7XOoJO/e+8=,-61,-61,1,aOzF,,,
557,29-1-2020 07:22,n34cvAsG0fA=,-79,-81,2,Ekdx,,,
557,29-1-2020 11:07,xmU58Jguc24=,-85,-85,1,srOe,,,
557,29-1-2020 13:30,iFULzaV1nrk=,-83,-83,1,2qEZ,,,
557,30-1-2020 12:17,i7XOoJO/e+8=,-61,-61,1,aOzF,,,
557,30-1-2020 12:22,A963S5VPLjI=,-73,-69,2,dtJ6,,,
557,30-1-2020 14:48,peghDdghYvo=,-613,-59,15,hCUZ,,,
557,30-1-2020 15:53,GfKUUzTezxU=,-75,-75,1,5nW2,,,
557,30-1-2020 16:58,8ytPJff/OTI=,-72,-71,2,Fj7B,,,
557,30-1-2020 19:09,f2ZkAMsgKZw=,-69,-69,2,Zh/o,,,
557,30-1-2020 19:20,5fgc1344Eeg=,-73,-73,1,qrVS,,,
557,30-1-2020 23:43,8QZFWv9aMdc=,-87,-87,1,SKkc,,,
557,31-1-2020 10:51,CA+3rGkulnk=,-81,-81,1,lJ8+,,,
557,31-1-2020 11:04,R+kbu6Cts4w=,-85,-85,1,tufL,,,
557,31-1-2020 15:23,AqlKBQjzh5I=,-63,-63,1,/hxa,,,
557,1-2-2020 06:22,aQuolMvxuRk=,-755,-67,22,wEoA,,,
557,1-2-2020 07:01,vtlcJx5O5cA=,-83,-83,1,oBgo,,,
557,1-2-2020 10:24,PQusPAQSJOE=,-85,-85,1,/D2T,,,
557,1-2-2020 10:46,kYT0kFAAnZo=,-79,-79,1,smt7,,,
557,1-2-2020 11:22,BLXuxlJlhEE=,-63,-63,1,ghkF,,,
557,1-2-2020 11:58,peghDdghYvo=,-646,-61,10,hCUZ,,,
557,1-2-2020 12:44,wKMAyGNaaig=,-77,-77,1,usfU,,,
557,1-2-2020 12:49,tc//4GkWAZE=,-57,-57,1,rvp/,,,
557,1-2-2020 22:18,aQuolMvxuRk=,-763,-69,30,wEoA,,,
557,2-2-2020 04:44,2OPhgtuBFrw=,-88,-87,2,cPEc,,,
557,3-2-2020 09:17,peghDdghYvo=,-623,-59,18,hCUZ,,,
557,3-2-2020 14:13,9qKU86b4QSo=,-83,-83,1,7r2T,,,
557,3-2-2020 23:34,aQuolMvxuRk=,-771,-75,28,wEoA,,,
557,4-2-2020 16:04,gCOioqo9ZkA=,-84,-83,2,SoBu,,,
557,4-2-2020 16:30,MEGJA0P+nsE=,-33,-32,2,NCkS,,,
557,4-2-2020 16:45,peghDdghYvo=,-633,-61,18,hCUZ,,,
557,4-2-2020 17:56,2OPhgtuBFrw=,-89,-89,1,cPEc,,,
557,4-2-2020 18:45,V2AljPuOqu4=,-82,-81,2,UIVp,,,
557,5-2-2020 04:05,+pzxjyp0JsU=,-83,-83,1,9AYW,,,
557,5-2-2020 18:09,aQuolMvxuRk=,-761,-75,13,wEoA,,,
557,5-2-2020 18:35,peghDdghYvo=,-579,-57,11,hCUZ,,,
557,5-2-2020 20:29,ct7BDi/naYE=,-87,-87,1,dNo4,,,
557,6-2-2020 04:54,vtlcJx5O5cA=,-85,-85,1,oBgo,,,
557,6-2-2020 10:08,up/RKSHk+rI=,-81,-81,1,2qEZ,,,
557,6-2-2020 11:14,SNyP/NveHyo=,-77,-77,1,2qEZ,,,
557,6-2-2020 11:45,NgUS3vIXCF8=,-83,-83,1,rgZE,,,
557,6-2-2020 12:04,W3kuWdYXWUM=,-65,-65,1,Wk6i,,,
557,6-2-2020 15:26,ukMtxWjc4L0=,-71,-75,2,Rpfh,,,
557,6-2-2020 15:31,1XWAbGjlGHA=,-53,-53,2,kpyp,,,
557,6-2-2020 17:07,eFHp0CiApBM=,-61,-67,2,FJ0J,,,
557,6-2-2020 17:41,rse8xZH9pT4=,-75,-75,1,+hL/,,,
557,6-2-2020 18:21,Q6bmDpiS4qA=,-614,-55,29,5ub1,,,
557,6-2-2020 20:02,XNuJ6jWpl+s=,-85,-85,1,/uv5,,,
557,6-2-2020 21:11,i7XOoJO/e+8=,-63,-65,2,aOzF,,,
557,7-2-2020 07:27,M4kAuxp6gBw=,-87,-87,1,tHRD,,,
557,7-2-2020 11:07,ajpJgHBlR+Y=,-65,-65,1,rr+K,,,
557,7-2-2020 14:28,ZXS4Aw9QkS0=,-83,-83,1,yK6c,,,
557,7-2-2020 15:00,peghDdghYvo=,-618,-57,13,hCUZ,,,
557,8-2-2020 14:26,r+9YUXF++vk=,-79,-79,1,UiTf,,,
557,8-2-2020 15:16,EibiExQXGYI=,-53,-53,2,UpTV,,,
557,8-2-2020 17:19,CGomEJmri3k=,-85,-85,1,#NAME?,,,
557,8-2-2020 20:36,CGomEJmri3k=,-89,-89,1,#NAME?,,,
557,9-2-2020 13:30,i7XOoJO/e+8=,-67,-67,1,aOzF,,,
557,9-2-2020 15:38,aQuolMvxuRk=,-77,-75,11,wEoA,,,
557,10-2-2020 07:41,peghDdghYvo=,-601,-57,16,hCUZ,,,
557,10-2-2020 08:45,O4y60y+u6vE=,-81,-81,1,Vi3j,,,
557,10-2-2020 13:39,45riuwUieGQ=,-69,-69,1,5lK2,,,
557,11-2-2020 08:09,i7XOoJO/e+8=,-61,-61,1,aOzF,,,
557,11-2-2020 08:33,peghDdghYvo=,-651,-61,15,hCUZ,,,
557,11-2-2020 09:03,ZtMflQQ7eWo=,-75,-75,1,WqkX,,,
557,11-2-2020 10:05,aQuolMvxuRk=,-748,-65,13,wEoA,,,
557,11-2-2020 11:53,Is5nbmaFQYI=,-74,-73,2,SKkc,,,
557,11-2-2020 11:56,dzmzsC1VhNo=,-66,-67,2,CuRy,,,
557,11-2-2020 17:50,V2AljPuOqu4=,-83,-83,1,UIVp,,,
557,11-2-2020 22:39,A2k6jYOFD6k=,-80,-79,2,VCqi,,,
557,12-2-2020 12:17,rvbmAGW3Ins=,-78,-77,2,pNkx,,,
557,12-2-2020 14:16,V5VGV5/X6l8=,-65,-65,1,XF9n,,,
557,12-2-2020 16:52,JDabAPLvzZ4=,-87,-87,1,bkrD,,,
557,12-2-2020 21:12,aQuolMvxuRk=,-767,-73,13,wEoA,,,
557,12-2-2020 23:07,i7XOoJO/e+8=,-67,-67,1,aOzF,,,
557,13-2-2020 10:37,WE1Tr5dwA4E=,-89,-89,1,1vif,,,
557,13-2-2020 13:08,aQuolMvxuRk=,-795,-75,17,wEoA,,,
557,13-2-2020 14:38,PkgB2wfrWnY=,-87,-87,1,2qEZ,,,
557,13-2-2020 19:23,N3RERhVG/h8=,-71,-69,2,ztqQ,,,
557,14-2-2020 07:10,LSFjUyfN4yw=,-84,-83,2,9orq,,,
557,14-2-2020 09:51,z1iMEnxdKfI=,-89,-89,2,fN2Q,,,
557,14-2-2020 10:07,z1iMEnxdKfI=,-89,-89,1,fN2Q,,,
557,14-2-2020 16:55,V2AljPuOqu4=,-87,-87,1,UIVp,,,
557,14-2-2020 17:29,3AEINx19rv0=,-72,-71,22,DI//,,,
557,14-2-2020 23:09,peghDdghYvo=,-659,-59,15,hCUZ,,,
557,15-2-2020 05:26,peghDdghYvo=,-605,-57,15,hCUZ,,,
557,15-2-2020 12:11,jMYZ0LM6GMM=,-71,-71,1,IoFr,,,
557,15-2-2020 12:17,PpYwwXzg9cI=,-63,-63,1,gnhb,,,
557,15-2-2020 12:59,peghDdghYvo=,-641,-61,15,hCUZ,,,
557,15-2-2020 13:12,NZ+yjVSKfCY=,-74,-75,2,Zqik,,,
557,15-2-2020 14:28,sJZxeK2RWfw=,-69,-71,2,Cs2V,,,
557,15-2-2020 17:35,6gLPjFryQYw=,-79,-79,1,WOKP,,,
557,17-2-2020 02:47,z1iMEnxdKfI=,-85,-83,2,fN2Q,,,
557,17-2-2020 09:25,ICa6iXxuJ7A=,-57,-57,1,AiRQ,,,
557,17-2-2020 10:18,7GsmnXUPMC0=,-64,-63,2,zJ96,,,
557,17-2-2020 12:05,MRgbQk4eBXU=,-75,-75,1,EhDx,,,
557,17-2-2020 13:00,E2FoEnoX/9A=,-81,-81,1,UlYh,,,
557,17-2-2020 14:41,0cbgkR0ceLM=,-79,-79,1,ZhER,,,
557,18-2-2020 09:36,bKuh6UFjj6M=,-69,-69,2,Rpmp,,,
557,18-2-2020 11:40,aSyWp/RFl/o=,-81,-81,1,il9a,,,
557,18-2-2020 12:41,vcQ4DZZTh9s=,-73,-71,10,QIPe,,,
557,19-2-2020 01:43,r+mw7f4osWs=,-75,-79,2,nE/P,,,
557,19-2-2020 02:40,2OPhgtuBFrw=,-83,-83,1,cPEc,,,
557,19-2-2020 10:08,8EDa6Tt8K/U=,-81,-81,1,iFvd,,,
557,19-2-2020 10:17,2YEJBuLUOuQ=,-81,-81,1,qBN0,,,
557,19-2-2020 12:28,8EDa6Tt8K/U=,-83,-83,1,iFvd,,,
557,20-2-2020 06:33,peghDdghYvo=,-645,-63,12,hCUZ,,,
557,21-2-2020 10:00,XAenEPf1joc=,-69,-69,2,OKKM,,,
557,21-2-2020 12:19,LDAZ8t/9UWY=,-61,-61,1,oorR,,,
557,21-2-2020 13:05,CGomEJmri3k=,-83,-83,1,#NAME?,,,
557,21-2-2020 14:21,jsms1mW8ODc=,-76,-77,2,AnWO,,,
557,21-2-2020 17:37,YazJFL3xytA=,-85,-85,1,tBjR,,,
557,22-2-2020 02:06,peghDdghYvo=,-592,-57,19,hCUZ,,,
557,22-2-2020 04:58,YLRAHbaPVfE=,-79,-79,1,6B2o,,,
557,22-2-2020 10:47,SGBb4/A1WMU=,-59,-59,1,4tT7,,,
557,22-2-2020 12:35,+hiZ+FUxQbY=,-69,-69,1,ErRz,,,
557,22-2-2020 13:17,EP38LGptOsk=,-79,-79,1,Vi1k,,,
557,22-2-2020 13:25,U4/vQnW34SA=,-89,-89,1,#NAME?,,,
557,23-2-2020 09:10,tjOQLUycgQA=,-83,-83,1,2qEZ,,,
557,24-2-2020 00:45,aQuolMvxuRk=,-742,-71,27,wEoA,,,
557,25-2-2020 08:23,CA+3rGkulnk=,-81,-81,1,lJ8+,,,
557,25-2-2020 08:40,+HunNHnIV1A=,-75,-73,2,okKp,,,
557,26-2-2020 01:31,aQuolMvxuRk=,-792,-73,24,wEoA,,,
557,26-2-2020 02:55,i7XOoJO/e+8=,-61,-61,1,aOzF,,,
557,26-2-2020 06:54,48ObbNWbtvI=,-83,-83,1,HCMs,,,
557,26-2-2020 11:52,wqo7pJ3fgaU=,-77,-77,1,cvJL,,,
557,26-2-2020 15:39,Hj9cL4ltACo=,-79,-79,1,vHV0,,,
557,26-2-2020 16:38,1SNAnfBSfWQ=,-85,-85,1,ClZr,,,
557,26-2-2020 20:14,z1iMEnxdKfI=,-87,-87,1,fN2Q,,,
557,26-2-2020 20:37,tPnXZWg/dGU=,-77,-77,1,eKu7,,,
557,27-2-2020 03:15,z1iMEnxdKfI=,-85,-85,2,fN2Q,,,
557,27-2-2020 03:53,z1iMEnxdKfI=,-79,-79,1,fN2Q,,,
557,27-2-2020 11:24,E2XgHU4MonM=,-67,-67,2,7IkU,,,
557,27-2-2020 11:44,CA+3rGkulnk=,-77,-77,1,lJ8+,,,
557,27-2-2020 12:09,kYqE0SL62w8=,-85,-85,1,GmR6,,,
557,27-2-2020 13:53,bFznZ9xEzRw=,-59,-59,1,mpsf,,,
557,27-2-2020 16:48,xRSGrcVhpAw=,-75,-75,1,JJIO,,,
557,27-2-2020 18:31,aQuolMvxuRk=,-782,-73,12,wEoA,,,
557,27-2-2020 20:58,vtlcJx5O5cA=,-87,-87,1,oBgo,,,
557,28-2-2020 10:14,Oapn9e9BMhE=,-71,-71,1,3gj/,,,
557,28-2-2020 12:07,kYbogee2tI8=,-40,-40,1,0m2X,,,
557,28-2-2020 12:38,PXt7xOsoAmw=,-67,-67,1,BuU4,,,
557,29-2-2020 07:18,CA+3rGkulnk=,-79,-79,1,lJ8+,,,
557,29-2-2020 11:07,lvKV9wQlRlE=,-77,-77,1,0nz2,,,
557,29-2-2020 11:49,F1C0exxSX+4=,-75,-75,1,ZIma,,,
557,29-2-2020 12:51,usZ6DyZMWYA=,-73,-73,1,AsT5,,,
557,29-2-2020 13:21,iz1dkdxNtj0=,-77,-75,2,iIMi,,,
557,29-2-2020 14:12,WTyWxvWIncA=,-85,-85,1,UuC3,,,
557,29-2-2020 14:18,VXjXoUVWtEo=,-68,-69,2,SkRy,,,
557,29-2-2020 18:42,aQuolMvxuRk=,-748,-71,18,wEoA,,,
557,1-3-2020 17:53,CA+3rGkulnk=,-81,-81,1,lJ8+,,,
557,2-3-2020 01:17,i7XOoJO/e+8=,-65,-65,1,aOzF,,,
557,2-3-2020 10:59,gxVoOZQUfNM=,-59,-59,1,SDwM,,,
557,2-3-2020 12:13,6Lx9v7w+1i0=,-81,-81,1,8hID,,,
557,2-3-2020 12:24,KihliMZptHM=,-83,-83,1,fgt6,,,
557,2-3-2020 18:30,F1C0exxSX+4=,-81,-81,1,ZIma,,,
557,3-3-2020 02:05,vtlcJx5O5cA=,-87,-87,1,oBgo,,,
557,3-3-2020 04:56,z1iMEnxdKfI=,-83,-83,1,fN2Q,,,
557,3-3-2020 11:23,RJFWl8wKww0=,-77,-77,1,kJSX,,,
557,3-3-2020 12:20,Adwo9GAZxkE=,-61,-61,1,8mAE,,,
557,3-3-2020 14:24,g7eL9OQkNhA=,-71,-71,1,Gg6g,,,
557,3-3-2020 19:07,A2k6jYOFD6k=,-79,-79,1,VCqi,,,
557,4-3-2020 03:18,aQuolMvxuRk=,-756,-69,16,wEoA,,,
557,4-3-2020 11:04,qR89RC5SxK0=,-57,-61,2,nsdx,,,
557,5-3-2020 01:51,2OPhgtuBFrw=,-87,-87,1,cPEc,,,
557,5-3-2020 09:02,z1iMEnxdKfI=,-87,-87,1,fN2Q,,,
557,5-3-2020 17:57,pfaaAFZbhwo=,-76,-77,2,bhbs,,,
557,6-3-2020 01:23,ItnOTbL8ihM=,-89,-89,2,PI0g,,,
557,6-3-2020 07:45,V5VGV5/X6l8=,-70,-71,2,XF9n,,,
557,6-3-2020 16:52,AT9zut9wx3I=,-57,-57,1,CnXT,,,
557,6-3-2020 16:56,El8VaNNYfpo=,-71,-71,1,4oDU,,,
557,7-3-2020 06:07,i7XOoJO/e+8=,-65,-65,1,aOzF,,,
557,7-3-2020 11:14,i7XOoJO/e+8=,-67,-67,1,aOzF,,,
557,7-3-2020 12:32,vaJqQMN6VhU=,-87,-87,1,fgWA,,,
557,7-3-2020 14:09,viaGlykD+rA=,-68,-67,2,ogn0,,,
557,7-3-2020 14:14,9N/cyKC+WHc=,-77,-77,2,play,,,
557,7-3-2020 14:52,f5Id9uWTxZ8=,-87,-87,1,zsG/,,,
557,7-3-2020 15:07,qrYxoJ3AOhk=,-67,-67,1,osNM,,,
557,7-3-2020 18:46,YN/HQ953/m4=,-85,-85,1,0LEo,,,
557,8-3-2020 20:33,Ba91mmHq4kA=,-87,-87,1,NBKY,,,
557,9-3-2020 02:18,aQuolMvxuRk=,-773,-69,30,wEoA,,,
557,9-3-2020 14:16,/vH+aQXpJwI=,-75,-75,1,GpN2,,,
557,9-3-2020 20:48,A2k6jYOFD6k=,-85,-85,2,VCqi,,,
557,10-3-2020 02:28,4eua+bfv9NU=,-84,-83,2,QIMd,,,
557,10-3-2020 08:25,8Vc+TT5vHt4=,-85,-85,1,Qs5X,,,
557,10-3-2020 12:30,z1iMEnxdKfI=,-77,-81,2,fN2Q,,,
557,10-3-2020 21:27,u61uFHJX72Q=,-87,-87,1,sHK/,,,
557,11-3-2020 10:21,CGomEJmri3k=,-81,-79,2,#NAME?,,,
557,11-3-2020 13:23,ySdiEknJZ7U=,-85,-85,2,2FV1,,,
557,11-3-2020 15:21,X+BPiYQD6Rc=,-79,-79,1,AmRw,,,
557,11-3-2020 22:05,TZhUsf1y0Oo=,-839,-81,11,GJ78,,,
557,12-3-2020 00:10,aQuolMvxuRk=,-735,-69,39,wEoA,,,
557,12-3-2020 08:47,BV6TosXytx0=,-75,-75,1,lkCE,,,
557,12-3-2020 11:45,C4yNhIwz43A=,-81,-81,1,doU0,,,
557,12-3-2020 18:40,0dju9B/MEFM=,-57,-57,1,ckFv,,,
557,13-3-2020 03:56,z1iMEnxdKfI=,-87,-87,1,fN2Q,,,
557,13-3-2020 16:05,4IPLC0eQd0Q=,-89,-89,1,fEaF,,,
557,13-3-2020 16:32,aQuolMvxuRk=,-749,-71,14,wEoA,,,
557,13-3-2020 17:24,N8DfAnVJHVc=,-83,-83,1,LoXe,,,
557,14-3-2020 03:30,tQXGYuqMgQI=,-87,-87,1,/GlH,,,
557,14-3-2020 09:53,sUCnxEP8p5o=,-79,-79,1,rugC,,,
557,14-3-2020 12:01,RG7bOCgMef0=,-73,-73,1,2qEZ,,,
557,14-3-2020 13:51,odUGeSx5DEA=,-71,-71,1,ZguR,,,
557,14-3-2020 14:06,5ehGb1goYk4=,-75,-75,1,Wubl,,,
557,14-3-2020 14:07,8albQJzSxZQ=,-81,-81,1,XknN,,,
557,14-3-2020 14:40,0hw/ApN+GCo=,-51,-51,2,evWz,,,
557,14-3-2020 16:36,z1iMEnxdKfI=,-89,-89,1,fN2Q,,,
557,15-3-2020 05:18,i7XOoJO/e+8=,-65,-65,1,aOzF,,,
557,15-3-2020 07:30,CY5Wn4zlT6Q=,-81,-81,1,9MJI,,,
557,15-3-2020 20:04,9+zPemF9XT4=,-85,-85,1,TBuG,,,
557,16-3-2020 06:17,2OPhgtuBFrw=,-84,-83,2,cPEc,,,
557,16-3-2020 12:01,2OPhgtuBFrw=,-80,-81,2,cPEc,,,
557,16-3-2020 13:20,aQuolMvxuRk=,-719,-71,11,wEoA,,,
557,17-3-2020 07:03,ZkIa3XPMuRU=,-58,-59,2,uLuv,,,
557,17-3-2020 13:03,dmW3v8zLDyw=,-87,-87,1,1DsE,,,
557,17-3-2020 21:20,V5VGV5/X6l8=,-68,-69,2,XF9n,,,
557,18-3-2020 13:29,rjwrKDoqGD8=,-61,-61,2,eto3,,,
557,18-3-2020 20:49,V5VGV5/X6l8=,-65,-67,2,XF9n,,,
557,19-3-2020 23:32,Sn00YPT5yRk=,-85,-85,2,8HLq,,,
557,20-3-2020 01:17,4eua+bfv9NU=,-77,-77,1,QIMd,,,
557,20-3-2020 02:54,FT8MTi+GA3k=,-87,-87,1,#NAME?,,,
557,20-3-2020 05:16,9+PHRLL36Fo=,-757,-71,15,zG6k,,,
557,20-3-2020 12:40,Kso97bZ/HZY=,-80,-79,2,1o2S,,,
557,21-3-2020 05:16,cegxJldcNWo=,-77,-75,2,rpAQ,,,
557,21-3-2020 09:14,pRuqdUQO+kg=,-69,-69,1,PjXh,,,
557,21-3-2020 09:42,48ObbNWbtvI=,-80,-83,2,HCMs,,,
557,21-3-2020 09:42,GzLeerBPdfs=,-77,-77,1,uJQ2,,,
557,21-3-2020 11:21,UEf1V967QDY=,-85,-85,1,6seg,,,
557,21-3-2020 13:34,awOEX3wRnds=,-57,-59,2,hlkS,,,
557,22-3-2020 08:57,uf5yLij49ZQ=,-81,-81,1,qG2q,,,
557,22-3-2020 11:20,tw4mXdtYuHw=,-75,-75,1,InzR,,,
557,22-3-2020 12:53,VxFpjI/Ke04=,-77,-77,1,bE1z,,,
557,22-3-2020 16:06,iHtt66eSkDs=,-83,-83,1,/ohU,,,
557,23-3-2020 16:03,QJNfUhXtEVY=,-77,-77,1,/qKR,,,
557,23-3-2020 18:29,p/Bgv6IIpxg=,-83,-83,1,8Hlg,,,
557,24-3-2020 04:37,Sn00YPT5yRk=,-81,-81,1,8HLq,,,
557,24-3-2020 16:31,26TZGm1K2zk=,-79,-79,1,lLEK,,,
557,25-3-2020 07:29,V5VGV5/X6l8=,-73,-73,1,XF9n,,,
557,25-3-2020 09:24,tPPf3dtR0YM=,-70,-69,2,ol6w,,,
557,25-3-2020 10:21,n7BkW7BgmJA=,-83,-83,1,/I+Q,,,
557,25-3-2020 10:46,tTdCOs9RD64=,-75,-75,1,qtP3,,,
557,25-3-2020 18:37,Cm/9FDeJFyE=,-87,-87,1,YlOz,,,
557,25-3-2020 20:13,V5VGV5/X6l8=,-65,-65,1,XF9n,,,
557,26-3-2020 05:19,Som8EsEV7gM=,-81,-81,1,EifE,,,
557,26-3-2020 10:26,PWPySedMQUc=,-82,-81,2,OpM3,,,
557,26-3-2020 13:19,z1iMEnxdKfI=,-82,-79,2,fN2Q,,,
557,27-3-2020 08:16,i7XOoJO/e+8=,-71,-71,1,aOzF,,,
557,27-3-2020 12:43,0mXp1+sznPY=,-55,-55,1,uPEq,,,
557,27-3-2020 14:14,DvH9ue8p8ws=,-70,-69,2,Oofp,,,
557,28-3-2020 02:14,4eua+bfv9NU=,-83,-83,1,QIMd,,,
557,28-3-2020 11:23,trzvVDhTPvw=,-86,-85,2,2qEZ,,,
557,29-3-2020 19:27,XAenEPf1joc=,-66,-65,10,OKKM,,,
557,30-3-2020 00:33,z1iMEnxdKfI=,-83,-83,1,fN2Q,,,
557,30-3-2020 07:55,5PGe/3ZojYo=,-74,-75,2,oruq,,,
557,30-3-2020 12:14,+qsdfhZb+Jk=,-72,-75,2,mkR3,,,
557,31-3-2020 10:37,z1iMEnxdKfI=,-79,-79,1,fN2Q,,,
557,31-3-2020 14:58,V5VGV5/X6l8=,-73,-73,1,XF9n,,,
557,31-3-2020 19:41,0Ke1dVU+0yg=,-83,-83,1,cPEc,,,
557,31-3-2020 23:48,CGomEJmri3k=,-85,-85,1,#NAME?,,,
557,1-4-2020 09:49,F1C0exxSX+4=,-80,-79,2,ZIma,,,
557,1-4-2020 10:51,0aoPuLQHvu4=,-67,-69,2,BA48,,,
557,1-4-2020 14:20,ONrOPMMqI0Q=,-79,-79,1,/tMz,,,
557,1-4-2020 16:06,HNgxuJcIVuw=,-67,-69,2,5DST,,,
557,2-4-2020 06:45,n7BkW7BgmJA=,-84,-85,2,/I+Q,,,
557,2-4-2020 15:03,Niha+DWHOws=,-79,-79,1,DC+w,,,
557,2-4-2020 18:36,uf5yLij49ZQ=,-83,-83,1,qG2q,,,
557,2-4-2020 22:59,2OPhgtuBFrw=,-85,-85,1,cPEc,,,
557,2-4-2020 23:04,XAenEPf1joc=,-64,-65,2,OKKM,,,
557,3-4-2020 06:19,i7XOoJO/e+8=,-67,-67,1,aOzF,,,
557,3-4-2020 11:34,GERFxSzSoXE=,-71,-71,1,4vqq,,,
557,3-4-2020 14:22,6sgisMfeOqI=,-79,-79,1,Gl4K,,,
557,3-4-2020 15:02,lpkTcobnowI=,-83,-83,1,pton,,,
557,3-4-2020 22:38,aBt+zR8Lo3A=,-83,-83,1,8nfN,,,
557,4-4-2020 01:27,4eua+bfv9NU=,-87,-87,1,QIMd,,,
557,4-4-2020 09:05,31Uf7mjYQHQ=,-65,-65,2,mgAa,,,
557,4-4-2020 09:43,qJGORKkY4NA=,-57,-57,1,oqpm,,,
557,4-4-2020 12:45,g6FzIaNdzfk=,-81,-81,1,VGAJ,,,
557,4-4-2020 13:20,KX9vFkzxJCs=,-77,-75,2,wLZY,,,
557,4-4-2020 14:17,z1iMEnxdKfI=,-79,-77,2,fN2Q,,,
557,4-4-2020 21:29,RkDPy8mogxs=,-89,-89,1,Uj/r,,,
557,5-4-2020 04:30,z1iMEnxdKfI=,-86,-85,2,fN2Q,,,
557,6-4-2020 05:03,i7XOoJO/e+8=,-65,-59,1,aOzF,,,
557,6-4-2020 05:32,wisPtSDLW70=,-79,-79,1,Bgyd,,,
557,6-4-2020 08:28,Chj8y6UrGn4=,-79,-79,1,NuzU,,,
557,6-4-2020 09:16,2WZDDMhD0V0=,-66,-65,2,FkXm,,,
557,6-4-2020 12:18,sr7GvV8guOY=,-79,-79,1,YidN,,,
557,7-4-2020 09:32,ZgWYHq1spZU=,-79,-79,1,8Neq,,,
557,7-4-2020 10:15,cVJuOvGdVfw=,-81,-81,1,xmPb,,,
557,7-4-2020 11:09,bpGsA65KgPE=,-63,-63,1,2qEZ,,,
557,7-4-2020 13:19,PCvjxF4o/QE=,-81,-81,2,3v2S,,,
557,8-4-2020 08:34,5YqEbZQ2XEY=,-79,-79,1,ygRf,,,
557,8-4-2020 09:41,EENbpeza7+M=,-67,-67,1,Gi0H,,,
557,8-4-2020 12:26,HBJM4qbuonw=,-89,-89,1,WLEP,,,
557,8-4-2020 22:02,n7BkW7BgmJA=,-89,-89,1,/I+Q,,,
557,9-4-2020 08:33,uf5yLij49ZQ=,-83,-83,1,qG2q,,,
557,9-4-2020 11:52,5xJ4DkuxI7I=,-81,-81,1,cphB,,,
557,9-4-2020 14:01,2OPhgtuBFrw=,-83,-83,1,cPEc,,,
557,10-4-2020 07:53,kvWAJppiTKE=,-76,-77,2,bsqq,,,
557,10-4-2020 08:14,/cgLjNX+jio=,-79,-79,1,7pFQ,,,
557,10-4-2020 10:03,eIndpV6etUg=,-82,-81,2,OibL,,,
557,10-4-2020 11:11,oZmCkbaO0mA=,-78,-79,2,ipEd,,,
557,10-4-2020 12:33,tCkr/GddIZE=,-81,-81,1,ttnN,,,
557,10-4-2020 13:58,5hQbvidPYL4=,-67,-67,2,Up9H,,,
557,10-4-2020 23:04,z1iMEnxdKfI=,-80,-81,2,fN2Q,,,
557,11-4-2020 07:34,Sn00YPT5yRk=,-79,-79,1,8HLq,,,
557,11-4-2020 09:16,3YKKS3/Zc90=,-79,-79,1,7t+7,,,
557,11-4-2020 11:47,q9EmNRUZb6g=,-85,-85,1,sG/g,,,
557,11-4-2020 11:51,2q/QFUXr1mQ=,-59,-59,1,Rp6G,,,
557,11-4-2020 12:18,5YRfrIJbrRM=,-72,-73,2,3uNL,,,
557,12-4-2020 08:29,NnVgR7MR5wI=,-79,-79,1,hMfq,,,
557,12-4-2020 13:51,z1iMEnxdKfI=,-85,-85,1,fN2Q,,,
557,13-4-2020 00:38,z1iMEnxdKfI=,-81,-77,2,fN2Q,,,
557,13-4-2020 10:30,4IPLC0eQd0Q=,-84,-85,2,fEaF,,,
557,13-4-2020 12:01,AHoID6WU+mM=,-82,-79,2,2qEZ,,,
557,14-4-2020 09:44,OTjL91C2E04=,-71,-71,2,2MTp,,,
557,14-4-2020 10:07,yW1LWji+QXo=,-69,-69,2,jDT9,,,
557,14-4-2020 13:13,lObSySoe0Vw=,-85,-85,1,buEd,,,
557,14-4-2020 13:32,+xbP7iHtRfQ=,-61,-61,1,Oimu,,,
557,16-4-2020 11:22,lMh2gQFahLM=,-89,-89,1,BOpW,,,
557,16-4-2020 11:36,fYXPLHDIpL0=,-76,-73,2,siCc,,,
557,16-4-2020 17:53,CSX8HyCaEzA=,-84,-83,2,Yjxb,,,
557,16-4-2020 21:03,AdSNHhvg5eY=,-61,-61,1,Iv0k,,,
557,17-4-2020 01:04,epWESVKh7Mw=,-87,-87,1,TuP/,,,
557,17-4-2020 06:11,48ObbNWbtvI=,-83,-83,1,HCMs,,,
557,17-4-2020 09:33,2OPhgtuBFrw=,-73,-73,1,cPEc,,,
557,17-4-2020 11:17,8eXOH7s5Vmk=,-79,-79,1,6B2o,,,
557,18-4-2020 08:19,BzSqDUsmvfI=,-75,-75,1,jMXh,,,
557,18-4-2020 11:45,8eXOH7s5Vmk=,-76,-75,2,6B2o,,,
557,18-4-2020 12:27,EcDweofFIwg=,-79,-79,1,ymjB,,,
557,18-4-2020 13:34,GdfY054YDBQ=,-77,-77,1,yvym,,,
557,18-4-2020 23:06,RqP0BGTdV4E=,-87,-87,1,PFKC,,,
557,19-4-2020 19:51,i7XOoJO/e+8=,-60,-61,2,aOzF,,,
557,19-4-2020 22:45,V5VGV5/X6l8=,-66,-67,2,XF9n,,,
557,20-4-2020 02:55,i7XOoJO/e+8=,-61,-63,2,aOzF,,,
557,20-4-2020 04:35,XAenEPf1joc=,-69,-69,1,OKKM,,,
557,20-4-2020 04:42,x1sbMAv+Wj0=,-85,-85,1,fN2Q,,,
557,20-4-2020 08:53,rTnCJ9F7a04=,-71,-65,53,wO77,,,
557,20-4-2020 13:12,LfqC/XgUeKQ=,-33,-34,2,MoNc,,,
557,20-4-2020 13:42,3c1yt22YIFc=,-83,-83,1,nn4q,,,
557,20-4-2020 18:02,LWINBW3UnlA=,-83,-83,1,zHhf,,,
557,20-4-2020 21:08,+pzxjyp0JsU=,-77,-77,1,9AYW,,,
557,21-4-2020 08:06,5hoz9pfiB4g=,-83,-83,1,DtCG,,,
557,21-4-2020 12:31,vC6kVQCPz64=,-79,-79,1,2qEZ,,,
557,21-4-2020 15:57,i7XOoJO/e+8=,-65,-65,1,aOzF,,,
557,21-4-2020 16:32,XAenEPf1joc=,-67,-65,2,OKKM,,,
557,21-4-2020 23:48,V5VGV5/X6l8=,-65,-65,1,XF9n,,,
557,22-4-2020 01:38,8KLs4EXLPI0=,-667,-67,12,#NAME?,,,
557,22-4-2020 08:56,48ObbNWbtvI=,-77,-77,1,HCMs,,,
557,22-4-2020 09:18,XAenEPf1joc=,-63,-63,2,OKKM,,,
557,22-4-2020 09:37,+2099il3PJc=,-76,-77,2,/nw7,,,
557,22-4-2020 10:45,RqP0BGTdV4E=,-81,-81,1,PFKC,,,
557,22-4-2020 11:08,7Gri1GLUOAo=,-81,-81,1,#NAME?,,,
557,22-4-2020 15:11,n7BkW7BgmJA=,-89,-89,1,/I+Q,,,
557,23-4-2020 01:20,r+mw7f4osWs=,-84,-85,2,nE/P,,,
557,23-4-2020 07:57,DA0f6i4B9bw=,-64,-63,2,DC+w,,,
557,23-4-2020 09:29,ijWzIGBOhxk=,-53,-53,1,4nwg,,,
557,23-4-2020 12:47,46J7OR/Zaz4=,-73,-73,2,tgv7,,,
557,24-4-2020 03:58,nQhatitzAiA=,-77,-77,1,9Buh,,,
557,24-4-2020 09:30,2Aa/boXpCs8=,-73,-73,1,2qEZ,,,
557,24-4-2020 09:31,r+mw7f4osWs=,-75,-73,2,nE/P,,,
557,24-4-2020 12:05,OGXsLufap+4=,-79,-79,1,1KM9,,,
557,24-4-2020 22:38,i7XOoJO/e+8=,-69,-69,1,aOzF,,,
557,25-4-2020 08:31,aL1QGkX2C3k=,-81,-81,1,Qt94,,,
557,25-4-2020 13:10,3tNGvKaAZJo=,-77,-77,1,2qEZ,,,
557,25-4-2020 13:25,hlTXk3F2sl0=,-71,-73,2,qt6Z,,,
557,26-4-2020 04:06,nQhatitzAiA=,-87,-87,1,9Buh,,,
557,26-4-2020 07:06,RSC/q5smPk4=,-87,-87,1,/i6y,,,
557,26-4-2020 14:54,V5VGV5/X6l8=,-75,-75,1,XF9n,,,
557,26-4-2020 16:49,vtlcJx5O5cA=,-87,-87,1,oBgo,,,
557,26-4-2020 17:00,AnijzxkbZGA=,-66,-67,2,BNaq,,,
557,26-4-2020 22:53,4eI95RQldyk=,-83,-83,1,sDW1,,,
557,27-4-2020 09:48,lV2p39WRrPw=,-87,-87,1,vKWL,,,
557,27-4-2020 10:56,WEHwAX9+lYc=,-79,-79,1,xrzV,,,
557,27-4-2020 13:15,CA+3rGkulnk=,-79,-79,1,lJ8+,,,
557,28-4-2020 14:17,1wFdexBCVCU=,-79,-79,1,SKOA,,,
557,29-4-2020 09:19,ZXS4Aw9QkS0=,-78,-79,2,yK6c,,,
557,29-4-2020 10:02,ioGdfJUQCM0=,-67,-67,1,elVc,,,
557,29-4-2020 13:37,wcZ0mqJE95Y=,-58,-63,2,KqMG,,,
557,29-4-2020 14:57,axfuK/G/KXw=,-53,-53,1,7iU5,,,
557,29-4-2020 16:02,YJupm4eDUaQ=,-77,-77,1,ziGk,,,
557,29-4-2020 18:21,80Q9tmM7BP0=,-80,-79,2,6laT,,,
557,29-4-2020 21:33,xRZaka+Tu+U=,-87,-87,1,pGzx,,,
557,30-4-2020 02:48,CY5Wn4zlT6Q=,-87,-87,1,9MJI,,,
557,30-4-2020 10:36,YwZ403DUrG4=,-75,-75,1,mo5R,,,
557,30-4-2020 16:31,vtlcJx5O5cA=,-81,-81,1,oBgo,,,
557,30-4-2020 22:58,4eua+bfv9NU=,-89,-89,1,QIMd,,,
557,30-4-2020 23:01,gQaOzPcQCtw=,-73,-73,1,bBnA,,,
557,1-5-2020 11:49,1zN1lvkJ8/E=,-79,-79,1,elgm,,,
557,1-5-2020 13:10,z1iMEnxdKfI=,-80,-77,2,fN2Q,,,
557,1-5-2020 22:08,z1iMEnxdKfI=,-81,-81,1,fN2Q,,,
557,2-5-2020 07:08,0oCTtzHC6fM=,-85,-85,1,/sGX,,,
557,2-5-2020 11:10,nPDqDx+UL6k=,-81,-81,1,Fnyu,,,
557,2-5-2020 14:34,DVa+09S1Lgo=,-77,-77,1,tuH3,,,
557,2-5-2020 14:48,i7XOoJO/e+8=,-69,-69,1,aOzF,,,
557,3-5-2020 01:01,gQaOzPcQCtw=,-67,-67,2,bBnA,,,
557,3-5-2020 14:52,A2k6jYOFD6k=,-77,-77,1,VCqi,,,
557,4-5-2020 12:17,uZwdzHSQm2I=,-81,-81,2,rtSV,,,
557,4-5-2020 17:11,DA5WcTGvw6Q=,-83,-83,1,fqqE,,,
557,4-5-2020 23:54,z1iMEnxdKfI=,-82,-79,2,fN2Q,,,
557,5-5-2020 05:36,I4WhIAYRsag=,-89,-89,1,SiWv,,,
557,5-5-2020 08:45,8Qg829v2BHo=,-69,-69,1,SnNA,,,
557,5-5-2020 09:47,XNpVOHcSxak=,-66,-67,2,1l/i,,,
557,5-5-2020 22:09,V5VGV5/X6l8=,-73,-73,1,XF9n,,,
557,6-5-2020 08:54,Im9caAKnqkk=,-74,-75,2,QFvY,,,
557,6-5-2020 14:52,Bwn03dt/BiY=,-85,-85,1,BLQp,,,
557,7-5-2020 11:58,jkgJePYXuj4=,-81,-81,1,4KzL,,,
557,7-5-2020 16:22,U9pWb+kCJjo=,-67,-71,2,knrU,,,
557,7-5-2020 18:36,8eXOH7s5Vmk=,-74,-73,2,6B2o,,,
557,7-5-2020 23:57,faWWgg2m/gg=,-87,-87,1,1PVH,,,
557,8-5-2020 13:38,vcQ4DZZTh9s=,-72,-73,2,QIPe,,,
557,8-5-2020 14:55,AzMfSfTT43g=,-77,-77,1,SCfq,,,
557,8-5-2020 16:54,/CGOx/b5Owk=,-76,-75,2,pOl1,,,
557,9-5-2020 03:28,vtlcJx5O5cA=,-85,-85,2,oBgo,,,
557,9-5-2020 05:05,njPOSgumexQ=,-79,-79,1,0LEo,,,
557,9-5-2020 09:43,uF95RvpQlXk=,-65,-65,1,agUQ,,,
557,9-5-2020 12:04,bhc2luVgnLI=,-80,-81,2,8A/s,,,
557,9-5-2020 12:36,ygF16cYVWA4=,-69,-71,2,7pEE,,,
557,11-5-2020 04:06,XAenEPf1joc=,-67,-65,2,OKKM,,,
557,11-5-2020 07:00,lMh2gQFahLM=,-85,-85,1,BOpW,,,
557,11-5-2020 11:47,b1IcaDuf16Q=,-77,-77,2,#NAME?,,,
557,11-5-2020 14:03,1LTTppUvqHQ=,-89,-89,1,0Csg,,,
557,11-5-2020 16:24,Ege9TDmfo5I=,-75,-75,1,uPEq,,,
557,11-5-2020 18:11,7TR411qQXeo=,-71,-71,2,XjF/,,,
557,12-5-2020 08:46,vVUyTuaekKE=,-82,-83,2,5r+R,,,
557,12-5-2020 13:24,42ulNHv5qWg=,-75,-75,1,2s46,,,
557,13-5-2020 08:07,+KoEn0ao034=,-82,-81,2,QmUZ,,,
557,13-5-2020 10:09,4xq96DuTXXU=,-83,-83,1,Zkba,,,
557,13-5-2020 11:14,98iE7U3PELI=,-83,-83,1,2qEZ,,,
557,14-5-2020 06:33,r+mw7f4osWs=,-85,-85,1,nE/P,,,
557,14-5-2020 13:05,nK2CoMbnqN0=,-65,-65,1,4sAW,,,
557,14-5-2020 13:39,2jc384my0ZU=,-72,-73,2,Bjlb,,,
557,14-5-2020 13:41,HH2Zg734Ycg=,-74,-75,2,enwv,,,
557,14-5-2020 16:28,EB451Jo/cFo=,-75,-75,1,2qEZ,,,
557,14-5-2020 18:46,9tSClqneIso=,-75,-75,1,MmQa,,,
557,14-5-2020 23:56,XAenEPf1joc=,-64,-63,2,OKKM,,,
557,15-5-2020 02:45,i7XOoJO/e+8=,-61,-61,1,aOzF,,,
557,15-5-2020 13:06,E2XgHU4MonM=,-71,-71,1,7IkU,,,
557,15-5-2020 14:18,CSavIVHYE1k=,-73,-73,1,JiNG,,,
557,16-5-2020 10:10,ZXS4Aw9QkS0=,-77,-77,1,yK6c,,,
557,16-5-2020 14:47,ZXS4Aw9QkS0=,-75,-75,1,yK6c,,,
557,17-5-2020 00:07,XAenEPf1joc=,-63,-65,2,OKKM,,,
557,17-5-2020 12:31,cvA1R9Tb+5I=,-85,-85,1,uMdd,,,
557,17-5-2020 12:48,LCB7lMXBqcM=,-61,-63,2,csD1,,,
557,18-5-2020 06:22,xTzRwy4UUqQ=,-73,-75,2,mjg9,,,
557,18-5-2020 11:13,EYqMjk+1mDc=,-87,-87,1,MnmZ,,,
557,18-5-2020 17:50,5c+pSydGIAM=,-79,-79,1,dGf3,,,
557,18-5-2020 22:00,x1sbMAv+Wj0=,-87,-87,1,fN2Q,,,
557,19-5-2020 03:34,48ObbNWbtvI=,-81,-81,1,HCMs,,,
557,19-5-2020 09:41,k/gEM1stJcQ=,-71,-71,2,uitr,,,
557,19-5-2020 12:34,m0bgd6U7w1M=,-85,-85,1,JBgd,,,
557,19-5-2020 12:44,sscwHGXu7xU=,-73,-73,1,6uhs,,,
557,20-5-2020 03:58,i7XOoJO/e+8=,-63,-63,1,aOzF,,,
557,20-5-2020 21:45,V5VGV5/X6l8=,-73,-73,1,XF9n,,,
557,21-5-2020 11:05,r4rKizQn0ko=,-57,-57,1,hvqn,,,
557,21-5-2020 14:48,+9Crw6bKzeU=,-77,-77,1,roGm,,,
557,22-5-2020 06:57,+TdkkWWXSqE=,-87,-87,1,dGf3,,,
557,22-5-2020 08:40,z24ytTdu12Y=,-71,-71,1,fmTV,,,
557,22-5-2020 10:01,xAj97gepn9g=,-65,-59,1,5gfD,,,
557,22-5-2020 11:53,6doWRSl4xM0=,-81,-81,1,el89,,,
557,22-5-2020 15:09,AxzuPoFXqes=,-89,-89,1,irYl,,,
557,23-5-2020 10:14,4nFuQJ+zpIc=,-67,-67,1,8lY8,,,
557,23-5-2020 11:55,CljNoX1moM8=,-51,-51,1,vmJR,,,
557,23-5-2020 12:59,Kik9Z6ULMO8=,-69,-69,1,kHNa,,,
557,24-5-2020 03:28,i7XOoJO/e+8=,-65,-65,1,aOzF,,,
557,24-5-2020 06:51,Sn00YPT5yRk=,-78,-77,2,8HLq,,,
557,24-5-2020 14:23,V5VGV5/X6l8=,-75,-75,1,XF9n,,,
557,24-5-2020 21:54,9+PHRLL36Fo=,-749,-67,18,zG6k,,,
557,25-5-2020 12:13,pO/ftNoV+6Y=,-83,-83,1,UFCk,,,
557,25-5-2020 13:55,6vQ5vj+KHnM=,-77,-77,1,6hhw,,,
557,25-5-2020 14:44,DOQ8qyRGnBk=,-76,-77,2,egEK,,,
557,26-5-2020 03:46,V5VGV5/X6l8=,-61,-61,1,XF9n,,,
557,26-5-2020 09:48,plCYKiDguPs=,-85,-85,1,2qEZ,,,
557,26-5-2020 12:39,kqc/Mx0rbvo=,-69,-69,1,fltq,,,
557,26-5-2020 12:52,mTwXcrU4/zg=,-78,-79,2,NkWx,,,
557,26-5-2020 13:59,0XYk+Ftsl9A=,-75,-75,1,Bg8Y,,,
557,26-5-2020 14:21,V5VGV5/X6l8=,-73,-73,1,XF9n,,,
557,26-5-2020 22:29,3tQDDLuW7nM=,-75,-75,1,ANtw,,,
557,27-5-2020 00:35,2bx49Q8xWdY=,-87,-87,1,4Jlx,,,
557,27-5-2020 06:57,48ObbNWbtvI=,-82,-83,2,HCMs,,,
557,27-5-2020 07:05,bPBt0Lfdd6Q=,-79,-79,1,#NAME?,,,
557,27-5-2020 14:29,+cnxGAWvsV0=,-75,-75,1,xk1C,,,
557,27-5-2020 14:33,+cnxGAWvsV0=,-79,-79,1,xk1C,,,
557,27-5-2020 14:43,eCVUMhnX010=,-77,-75,2,2qEZ,,,
557,28-5-2020 00:31,WpP6XXV5nZg=,-77,-77,1,Xpui,,,
557,28-5-2020 03:03,XlIVJRCYoJ0=,-75,-75,1,QLia,,,
557,28-5-2020 12:28,1HrKkEGMBNI=,-70,-71,2,hJ+1,,,
557,28-5-2020 14:33,a09gNZeVZVQ=,-55,-57,2,2qEZ,,,
557,28-5-2020 17:03,i7XOoJO/e+8=,-65,-65,1,aOzF,,,
557,28-5-2020 17:23,fIGeUSq5Nm0=,-65,-65,2,2mco,,,
557,28-5-2020 17:38,cCmZkR6yd3U=,-67,-67,1,2qEZ,,,
557,28-5-2020 17:47,Lc5bmbAVXHk=,-68,-67,2,GrFj,,,
557,28-5-2020 18:04,F1C0exxSX+4=,-77,-77,1,ZIma,,,
557,29-5-2020 02:26,VxFpjI/Ke04=,-82,-81,2,bE1z,,,
557,29-5-2020 08:24,7xl6v8n21So=,-51,-51,1,Si2F,,,
557,29-5-2020 10:41,gJbLjYW6xVo=,-81,-81,2,5kqx,,,
557,29-5-2020 13:12,6bpS1gTG7r0=,-68,-69,2,2qEZ,,,
557,30-5-2020 08:19,49VPb2uIjCs=,-85,-85,1,FJ88,,,
557,30-5-2020 11:05,2AP6oQxl/Us=,-80,-77,2,Us5r,,,
557,30-5-2020 11:42,5BayEBDdjKI=,-69,-69,1,AtUr,,,
557,30-5-2020 12:04,rq00CptdGsM=,-67,-67,1,OpCZ,,,
557,30-5-2020 15:30,o4MjtpTAKBo=,-84,-81,2,nCi/,,,
557,30-5-2020 21:52,V5VGV5/X6l8=,-69,-69,1,XF9n,,,
557,31-5-2020 04:59,+UAfZ21rRKY=,-83,-83,1,WPuE,,,
557,31-5-2020 06:17,NhxQjKPUGMw=,-85,-85,1,lFel,,,
557,31-5-2020 14:09,SfDliALKGlo=,-75,-75,1,hpyw,,,
557,1-6-2020 06:51,VNTTtcpzmGs=,-85,-85,1,bABr,,,
557,1-6-2020 10:21,95odnVyNkg0=,-79,-79,1,YqpJ,,,
557,1-6-2020 12:09,LzxbFOnp3vE=,-89,-89,1,jgtn,,,
557,2-6-2020 06:10,8shzHGQBeB8=,-79,-79,1,xrBA,,,
557,3-6-2020 07:46,DXJtJMH46+M=,-72,-69,2,8Ip2,,,
557,3-6-2020 11:45,z1iMEnxdKfI=,-81,-81,1,fN2Q,,,
557,3-6-2020 12:00,WZFTFHMsAnk=,-75,-75,1,2qEZ,,,
557,3-6-2020 13:56,+yGeit7/jXI=,-75,-75,1,mjH6,,,
557,3-6-2020 15:12,DXJtJMH46+M=,-43,-53,1,8Ip2,,,
557,3-6-2020 17:44,NhxQjKPUGMw=,-85,-85,1,lFel,,,
557,4-6-2020 07:26,J3UCGVhq8bU=,-85,-85,1,bABr,,,
557,4-6-2020 10:04,E2XgHU4MonM=,-65,-65,2,7IkU,,,
557,4-6-2020 17:38,pn5L6wW2dBI=,-77,-77,1,6hIp,,,
557,4-6-2020 17:45,X+T2Y0cIwyE=,-70,-69,2,Fkm5,,,
557,4-6-2020 18:49,0Tq/cbbMicQ=,-87,-87,1,wOhi,,,
557,5-6-2020 11:26,ApxOPVnSZ3E=,-84,-83,2,ajoF,,,
557,5-6-2020 13:12,7vqhlSLkmaw=,-61,-63,2,WMXL,,,
557,5-6-2020 16:40,V5VGV5/X6l8=,-75,-75,1,XF9n,,,
557,5-6-2020 19:19,V5VGV5/X6l8=,-73,-73,1,XF9n,,,
557,6-6-2020 06:07,OGXsLufap+4=,-79,-79,1,1KM9,,,
557,6-6-2020 10:48,4Yc9hLE38eM=,-87,-87,1,Ju06,,,
557,6-6-2020 10:49,48ObbNWbtvI=,-78,-79,2,HCMs,,,
557,6-6-2020 11:07,bnzEX3ZlQKM=,-77,-77,1,4LVf,,,
557,6-6-2020 11:42,V5VGV5/X6l8=,-71,-71,1,XF9n,,,
557,6-6-2020 12:18,rvRS59LqmDc=,-79,-79,1,llmy,,,
557,6-6-2020 12:39,9EIRPT/A3Ic=,-83,-83,1,mlRE,,,
557,6-6-2020 15:41,i7XOoJO/e+8=,-59,-59,1,aOzF,,,
557,7-6-2020 10:30,/ZS5kzYhqvg=,-85,-85,1,bK34,,,
557,8-6-2020 13:50,XAenEPf1joc=,-71,-71,2,OKKM,,,
557,8-6-2020 18:15,8KLs4EXLPI0=,-77,-77,1,#NAME?,,,
557,9-6-2020 02:21,z1iMEnxdKfI=,-81,-81,2,fN2Q,,,
557,9-6-2020 10:07,cpOpbxH31E0=,-69,-69,1,vhYi,,,
557,9-6-2020 10:56,VnqINL9PmSE=,-63,-57,1,EI7g,,,
557,9-6-2020 12:07,TuVwgo8COvI=,-60,-63,2,ApXJ,,,
557,9-6-2020 12:15,HhAsS2r//40=,-81,-81,1,fqHV,,,
557,9-6-2020 23:10,CA+3rGkulnk=,-81,-81,1,lJ8+,,,
557,10-6-2020 04:20,CA+3rGkulnk=,-81,-81,1,lJ8+,,,
557,10-6-2020 13:56,YuaaTLTyqtA=,-70,-69,2,7t3s,,,
557,11-6-2020 03:03,CA+3rGkulnk=,-85,-85,1,lJ8+,,,
557,11-6-2020 09:42,jyFwp+zy5Yk=,-85,-83,2,qDRq,,,
557,11-6-2020 09:53,4wLKMIm+ttg=,-79,-79,1,jtIT,,,
557,11-6-2020 11:38,bnzEX3ZlQKM=,-77,-77,1,4LVf,,,
557,11-6-2020 14:09,u281EQVV5zs=,-77,-77,1,6vzG,,,
557,12-6-2020 11:45,dGpK0B0Mr+8=,-79,-79,1,2o12,,,
557,12-6-2020 12:15,r9AVugVHhCQ=,-74,-73,2,kqBR,,,
557,12-6-2020 15:10,jmASqJokXqY=,-66,-63,2,UpRi,,,
557,12-6-2020 16:06,uREEDlKdkpU=,-75,-75,2,toiu,,,
557,12-6-2020 17:02,3NdVrs3Pgj0=,-83,-83,1,2qEZ,,,
557,12-6-2020 17:10,YTIjYQOllU4=,-84,-83,2,2qEZ,,,
557,12-6-2020 18:42,ItnOTbL8ihM=,-83,-83,1,PI0g,,,
557,13-6-2020 06:35,l6JJMbHnj+I=,-77,-77,1,3s08,,,
557,13-6-2020 08:17,jb5sOn8IkgM=,-83,-83,1,luzE,,,
557,13-6-2020 08:35,ttHg0Mo9+88=,-75,-75,1,WGsU,,,
557,13-6-2020 14:01,n5JWDINFHfA=,-69,-69,1,hlIf,,,
557,13-6-2020 14:04,TGpe/Zod0wk=,-63,-61,2,tjMk,,,
557,13-6-2020 15:04,wJ0E/q0ijds=,-65,-65,1,RoY0,,,
557,13-6-2020 21:02,AnijzxkbZGA=,-83,-83,1,BNaq,,,
557,14-6-2020 04:14,2OPhgtuBFrw=,-81,-81,2,cPEc,,,
557,14-6-2020 15:49,h7u8yC3KC24=,-78,-75,2,niTR,,,
557,15-6-2020 11:38,nIe7f/E9yzw=,-67,-67,1,FjVE,,,
557,15-6-2020 12:14,snORfMvuxtY=,-79,-79,1,bl0t,,,
557,15-6-2020 15:21,lW3fZ7qn4UA=,-55,-53,2,#NAME?,,,
557,16-6-2020 05:11,0aoPuLQHvu4=,-718,-69,12,BA48,,,
557,16-6-2020 08:58,i7XOoJO/e+8=,-61,-61,1,aOzF,,,
557,16-6-2020 12:07,POB67Ellseg=,-77,-77,1,skiJ,,,
557,16-6-2020 13:18,GmJV1rgjtNs=,-81,-81,1,FgwK,,,
557,16-6-2020 14:16,O7j2s1hND5w=,-69,-69,1,tn15,,,
557,16-6-2020 14:27,AvLr51eFK0E=,-74,-75,2,0AQB,,,
557,16-6-2020 17:20,NhxQjKPUGMw=,-83,-83,1,lFel,,,
557,17-6-2020 12:25,mdsqmfIeb2I=,-77,-79,2,vtV/,,,
557,18-6-2020 12:03,RCs1rcHFWs8=,-73,-73,1,RqJS,,,
557,18-6-2020 12:29,WTT+bNW9I1c=,-77,-77,1,7vne,,,
557,18-6-2020 12:37,bKmtGRtiH+M=,-75,-75,1,ik4w,,,
557,18-6-2020 13:16,z41Y3otJOHc=,-56,-57,2,vmED,,,
557,19-6-2020 10:37,CA+3rGkulnk=,-76,-77,2,lJ8+,,,
557,19-6-2020 13:26,D/Od8SWMB4A=,-61,-61,1,ygR5,,,
557,19-6-2020 19:04,qtO7oZVvGEg=,-77,-77,1,AlIK,,,
557,19-6-2020 20:19,sVnVl9q31O8=,-87,-87,1,vIVW,,,
557,20-6-2020 04:54,4eI95RQldyk=,-77,-77,1,sDW1,,,
557,20-6-2020 06:26,cvA1R9Tb+5I=,-83,-83,1,uMdd,,,
557,20-6-2020 07:51,5Ln5qquZ9oY=,-85,-85,1,PAUY,,,
557,20-6-2020 08:11,/lBqUjhEGzc=,-79,-79,1,no15,,,
557,20-6-2020 09:01,feoMTuCpMEo=,-76,-75,2,oMv9,,,
557,20-6-2020 10:35,kJc5e3vw6pg=,-75,-75,1,UvYj,,,
557,20-6-2020 11:05,r2b+DuIIxyY=,-89,-89,1,9ocL,,,
557,20-6-2020 11:44,R4vVyeWrauk=,-65,-65,2,kJSX,,,
557,20-6-2020 15:11,oLqRN4ukSro=,-73,-73,1,ntq9,,,
557,21-6-2020 14:22,i7XOoJO/e+8=,-57,-57,1,aOzF,,,
557,21-6-2020 23:39,Sn00YPT5yRk=,-77,-77,1,8HLq,,,
557,22-6-2020 02:23,q9EmNRUZb6g=,-81,-81,1,sG/g,,,
557,22-6-2020 12:04,BD270nrK4Po=,-66,-65,2,7oOJ,,,
557,22-6-2020 12:23,kyh5swi78Yo=,-70,-69,2,2qEZ,,,
557,23-6-2020 02:29,ItnOTbL8ihM=,-89,-89,1,PI0g,,,
557,23-6-2020 04:47,UTpWznEFO6s=,-87,-87,1,1BGj,,,
557,23-6-2020 08:45,dmW3v8zLDyw=,-73,-73,1,1DsE,,,
557,23-6-2020 11:54,i7XOoJO/e+8=,-61,-61,1,aOzF,,,
557,23-6-2020 13:34,bnzEX3ZlQKM=,-69,-71,2,4LVf,,,
557,23-6-2020 14:28,rVjU/fKqfYU=,-87,-87,1,Dtjq,,,
557,23-6-2020 15:20,UcfnnR1E2F4=,-74,-75,2,0PzM,,,
557,24-6-2020 09:58,nwo8BIX8S+0=,-59,-61,2,joKu,,,
557,24-6-2020 12:18,0Yz7wpf+b8A=,-75,-75,1,CMXh,,,
557,24-6-2020 12:38,puTe3bJ/daA=,-82,-83,2,FJ88,,,
557,24-6-2020 14:51,T1Wz4nZfIwQ=,-81,-83,2,ZqbC,,,
557,24-6-2020 20:48,LZnSdbldVRs=,-77,-77,2,8Ip2,,,
557,25-6-2020 01:43,Sn00YPT5yRk=,-81,-81,1,8HLq,,,
557,25-6-2020 08:30,r8BdVoolW9s=,-85,-83,2,2oxr,,,
557,25-6-2020 09:57,cokGzWYwK4Y=,-81,-81,1,SqSY,,,
557,25-6-2020 10:04,x1Vgn4iu6ao=,-79,-79,1,hto5,,,
557,25-6-2020 14:20,XCQVfDtGp88=,-79,-79,2,KkFD,,,
557,26-6-2020 11:13,gsZYo2nlN8o=,-79,-79,1,RpDG,,,
557,26-6-2020 15:33,HpicLgwpGIU=,-61,-61,1,bpq5,,,
557,26-6-2020 17:16,i7XOoJO/e+8=,-73,-73,1,aOzF,,,
557,27-6-2020 07:22,HqCGNE+7ohw=,-85,-85,1,AAzn,,,
557,27-6-2020 08:31,IRRIGku+4Pc=,-82,-79,2,gsnp,,,
557,27-6-2020 08:58,nRqZobDL3NQ=,-63,-63,1,2qEZ,,,
557,27-6-2020 10:11,d8UDBxP4kYw=,-75,-77,2,avM9,,,
557,27-6-2020 12:06,uqoqh4XdZ3g=,-73,-73,1,DMuF,,,
557,27-6-2020 22:55,NhxQjKPUGMw=,-85,-85,2,lFel,,,
557,28-6-2020 00:05,i7XOoJO/e+8=,-61,-61,1,aOzF,,,
557,28-6-2020 09:07,aOyMRm4kqlU=,-68,-67,2,ksA2,,,
557,28-6-2020 11:51,V5VGV5/X6l8=,-67,-67,1,XF9n,,,
557,28-6-2020 12:44,xRZaka+Tu+U=,-81,-83,2,pGzx,,,
557,28-6-2020 23:23,8KLs4EXLPI0=,-71,-71,2,#NAME?,,,
557,29-6-2020 00:38,VxFpjI/Ke04=,-83,-83,1,bE1z,,,
557,29-6-2020 03:22,XlIVJRCYoJ0=,-87,-87,1,QLia,,,
557,29-6-2020 05:27,V5VGV5/X6l8=,-71,-71,1,XF9n,,,
557,29-6-2020 07:50,go56liEgQTw=,-87,-87,1,hhvd,,,
557,29-6-2020 09:05,48ObbNWbtvI=,-85,-85,1,HCMs,,,
557,29-6-2020 09:14,69RQH9e4lKk=,-83,-83,1,Am4t,,,
557,29-6-2020 13:36,KICCjnfupus=,-73,-71,2,Ar40,,,
557,30-6-2020 11:03,vhKrL3H5GNA=,-83,-83,1,Fj6F,,,
557,1-7-2020 12:11,0aoPuLQHvu4=,-69,-69,1,BA48,,,
557,1-7-2020 12:32,AQL2iDVKuPk=,-67,-67,1,Nv5Z,,,
557,1-7-2020 14:42,k8bImn8W7QM=,-63,-57,1,uibM,,,
557,2-7-2020 15:16,av8iCAK7zxM=,-55,-55,1,2qEZ,,,
557,3-7-2020 04:08,lMh2gQFahLM=,-83,-83,1,BOpW,,,
557,3-7-2020 08:12,48ObbNWbtvI=,-75,-75,2,HCMs,,,
557,3-7-2020 08:43,EqGIiZdKcW8=,-63,-63,2,Eobp,,,
557,3-7-2020 09:16,7cZzqN/SC+k=,-77,-77,1,COyp,,,
557,3-7-2020 15:33,ukl0olSi/9Y=,-65,-63,2,qvXM,,,
557,3-7-2020 17:15,XAenEPf1joc=,-64,-67,2,OKKM,,,
557,3-7-2020 22:04,i7XOoJO/e+8=,-57,-57,1,aOzF,,,
557,4-7-2020 10:22,dmW3v8zLDyw=,-85,-85,1,1DsE,,,
557,4-7-2020 13:11,94tVPK2ufD4=,-69,-67,2,UhzP,,,
557,4-7-2020 18:24,ZkIa3XPMuRU=,-654,-63,11,uLuv,,,
557,5-7-2020 13:45,lMh2gQFahLM=,-85,-85,1,BOpW,,,
557,6-7-2020 08:17,V5VGV5/X6l8=,-67,-69,2,XF9n,,,
557,6-7-2020 08:37,/GqMe4gw/vk=,-65,-65,2,wOhi,,,
557,6-7-2020 11:09,V7ReKFrnbKg=,-87,-87,1,gqa5,,,
557,6-7-2020 11:53,XAenEPf1joc=,-67,-67,1,OKKM,,,
557,6-7-2020 17:52,AsLvbj/IazQ=,-77,-77,1,OC3o,,,
557,7-7-2020 11:36,dqtin/Af7Yo=,-63,-63,1,On4c,,,
557,7-7-2020 20:15,SROh6dad0LY=,-85,-85,1,uOk3,,,
557,8-7-2020 11:05,diboYfP7Xjo=,-85,-85,1,fDit,,,
557,8-7-2020 12:30,qx0/R59hfIg=,-71,-73,2,#NAME?,,,
557,8-7-2020 12:58,dJzR707e8XY=,-71,-71,2,Mpfi,,,
557,8-7-2020 15:17,n8ZCGR+Z8aE=,-76,-77,2,MP04,,,
557,8-7-2020 15:57,E2XgHU4MonM=,-79,-79,1,7IkU,,,
557,8-7-2020 18:04,K/N7uDNTk3A=,-77,-77,1,jhN4,,,
557,9-7-2020 01:12,M+xiFK48bRY=,-75,-75,1,OKKM,,,
557,9-7-2020 12:26,ZhmgkvWDRag=,-76,-77,2,tt80,,,
557,9-7-2020 12:47,0yW161ZLAZU=,-65,-65,1,Tqg3,,,
557,9-7-2020 14:11,SDW2I0JtjKg=,-78,-79,2,EmOa,,,
557,9-7-2020 19:58,xRZaka+Tu+U=,-80,-81,2,pGzx,,,
557,9-7-2020 20:35,wP/MZwHwo1g=,-83,-83,1,4FFj,,,
557,10-7-2020 12:53,DPQgG0aw+JQ=,-73,-73,1,tvJr,,,
557,10-7-2020 13:27,RneuMWNnz0A=,-77,-77,1,zqls,,,
557,10-7-2020 15:55,oVgCXR5oXGA=,-81,-81,1,GlOj,,,
557,10-7-2020 23:52,NhxQjKPUGMw=,-89,-89,1,lFel,,,
557,11-7-2020 10:53,JRS1tNwvCAk=,-81,-81,1,Dn0t,,,
557,11-7-2020 11:58,cvA1R9Tb+5I=,-83,-83,1,uMdd,,,
557,12-7-2020 01:20,XAenEPf1joc=,-75,-75,1,OKKM,,,
557,12-7-2020 22:16,lMh2gQFahLM=,-79,-79,1,BOpW,,,
557,13-7-2020 00:26,XAenEPf1joc=,-72,-69,2,OKKM,,,
557,13-7-2020 03:59,i7XOoJO/e+8=,-65,-65,1,aOzF,,,
557,13-7-2020 06:09,XAenEPf1joc=,-73,-71,2,OKKM,,,
557,13-7-2020 06:35,i7XOoJO/e+8=,-63,-63,1,aOzF,,,
557,13-7-2020 12:10,5vB+seVy/LU=,-67,-67,1,Vt92,,,
557,13-7-2020 20:40,V5VGV5/X6l8=,-65,-65,1,XF9n,,,
557,14-7-2020 08:21,9+PHRLL36Fo=,-76,-73,10,zG6k,,,
557,14-7-2020 08:27,dmW3v8zLDyw=,-79,-79,1,1DsE,,,
557,14-7-2020 09:39,H4bUS420kIc=,-77,-77,1,#NAME?,,,
557,14-7-2020 11:44,5admVDRV9+o=,-83,-83,1,GsbN,,,
557,14-7-2020 14:07,Zx2pMtTydJ0=,-77,-77,1,Zhtm,,,
557,14-7-2020 16:16,JIi0z4WUHaY=,-83,-83,1,2s9G,,,
557,15-7-2020 07:26,r+mw7f4osWs=,-75,-77,2,nE/P,,,
557,15-7-2020 11:29,V5VGV5/X6l8=,-71,-71,1,XF9n,,,
557,15-7-2020 13:55,IDqUEKED+DM=,-77,-77,1,eukv,,,
557,15-7-2020 14:28,Y/ozlnMIf6g=,-70,-69,2,ulLT,,,
557,15-7-2020 14:57,BCD6MFPR+EQ=,-77,-77,1,RpwN,,,
557,15-7-2020 18:45,XlIVJRCYoJ0=,-79,-79,1,QLia,,,
557,17-7-2020 00:38,z1iMEnxdKfI=,-81,-81,1,fN2Q,,,
557,17-7-2020 08:54,yvnzmuJZQ5U=,-87,-87,1,FiI+,,,
557,17-7-2020 11:32,z1iMEnxdKfI=,-82,-77,2,fN2Q,,,
557,17-7-2020 13:03,pS7kXL/dy0U=,-57,-57,1,gpTJ,,,
557,17-7-2020 13:57,V8dHtDjE9+4=,-85,-85,1,2qEZ,,,
557,18-7-2020 07:41,r5iEgBrcKTk=,-61,-61,1,6uto,,,
557,18-7-2020 11:29,hj9BemfhCKg=,-66,-65,2,RjL0,,,
557,18-7-2020 12:19,x0fDzeO49F4=,-71,-71,1,5gFa,,,
557,18-7-2020 16:37,9+PHRLL36Fo=,-78,-75,23,zG6k,,,
557,18-7-2020 16:45,i7XOoJO/e+8=,-61,-61,1,aOzF,,,
557,19-7-2020 06:38,i7XOoJO/e+8=,-65,-65,1,aOzF,,,
557,19-7-2020 09:13,i7XOoJO/e+8=,-63,-65,2,aOzF,,,
557,19-7-2020 14:50,lMh2gQFahLM=,-83,-83,1,BOpW,,,
557,19-7-2020 18:19,i7XOoJO/e+8=,-69,-69,2,aOzF,,,
557,19-7-2020 23:18,dxq4g0jDHWM=,-83,-83,1,StW2,,,
557,20-7-2020 12:18,e7pTeFP0IK4=,-41,-41,2,2qEZ,,,
557,20-7-2020 20:13,i7XOoJO/e+8=,-49,-59,1,aOzF,,,
557,21-7-2020 06:20,2OPhgtuBFrw=,-81,-79,2,cPEc,,,
557,21-7-2020 09:22,X2HRzYvhVZQ=,-81,-81,1,AqEX,,,
557,21-7-2020 11:21,0UPGrFqjwxE=,-745,-73,11,SBN+,,,
557,21-7-2020 12:52,Mi2pD4Cg+z8=,-81,-81,2,utka,,,
557,21-7-2020 16:09,bEEgTAiw8g0=,-84,-85,2,lBYl,,,
557,22-7-2020 14:20,hzfwAGhk6Oc=,-67,-67,1,GmJP,,,
557,22-7-2020 14:24,rtIq9PCtVis=,-67,-67,1,Ekgx,,,
557,22-7-2020 14:29,z1iMEnxdKfI=,-83,-83,1,fN2Q,,,
557,23-7-2020 08:45,V5VGV5/X6l8=,-71,-71,1,XF9n,,,
557,23-7-2020 18:09,349hO6kJR3Q=,-73,-73,1,tpYn,,,
557,23-7-2020 20:42,i7XOoJO/e+8=,-59,-61,2,aOzF,,,
557,24-7-2020 12:28,ksP8wmZDHE0=,-72,-73,2,qupf,,,
557,24-7-2020 23:05,y+9cqj0J8vo=,-77,-77,2,TI15,,,
557,25-7-2020 03:54,i7XOoJO/e+8=,-65,-61,2,aOzF,,,
557,25-7-2020 12:23,wK8jR9qmqUc=,-81,-81,1,Dgyc,,,
557,25-7-2020 23:42,V5VGV5/X6l8=,-69,-69,1,XF9n,,,
557,26-7-2020 11:39,zjwNDQj9BRE=,-85,-85,2,5rYl,,,
557,26-7-2020 16:04,2MX14KXnLko=,-71,-65,10,gB8C,,,
557,27-7-2020 10:47,l2oabVPAMS4=,-87,-87,1,kvtr,,,
557,27-7-2020 13:51,dos9mRwyp5M=,-79,-79,1,FB94,,,
557,27-7-2020 13:58,Jt9JHXAdwPw=,-83,-83,1,dhgT,,,
557,27-7-2020 14:00,H1ie7oeFuI0=,-73,-73,1,2qEZ,,,
557,27-7-2020 17:07,wP/MZwHwo1g=,-77,-77,2,4FFj,,,
557,28-7-2020 03:45,vtlcJx5O5cA=,-87,-87,1,oBgo,,,
557,28-7-2020 08:17,t9nij6Zauiw=,-72,-73,2,eukX,,,
557,28-7-2020 09:11,075D7OdMWx8=,-79,-79,1,On0Y,,,
557,28-7-2020 09:50,W9gTvzXQIKw=,-62,-61,2,#NAME?,,,
557,28-7-2020 13:19,qYr4re1oA/k=,-87,-87,1,lHvn,,,
557,28-7-2020 19:05,i7XOoJO/e+8=,-61,-61,1,aOzF,,,
557,28-7-2020 22:00,V5VGV5/X6l8=,-69,-69,1,XF9n,,,
557,28-7-2020 22:47,XAenEPf1joc=,-73,-73,1,OKKM,,,
557,30-7-2020 09:10,AnijzxkbZGA=,-81,-79,2,BNaq,,,
557,30-7-2020 11:48,CnvP4wEgff8=,-73,-73,1,3ssq,,,
557,30-7-2020 14:46,W+PrkYH3WNQ=,-77,-77,1,lPsp,,,
557,30-7-2020 18:25,l3sHTuZwPE0=,-65,-59,1,xkY3,,,
557,31-7-2020 09:31,iF9T70XgUKc=,-85,-85,1,8tlq,,,
557,31-7-2020 11:26,ztDLjAAURbc=,-80,-79,2,hnWP,,,
557,31-7-2020 13:01,f1hA0ThDXjk=,-66,-67,2,7t+0,,,
557,31-7-2020 17:41,n8ZCGR+Z8aE=,-81,-81,1,MP04,,,
557,31-7-2020 21:46,PzPkdHIOAcM=,-68,-69,2,OBDV,,,
557,1-8-2020 10:04,QLBfAqrWScM=,-77,-77,1,TlMo,,,
557,1-8-2020 10:28,VgA8zcmN0Xc=,-77,-77,1,2qEZ,,,
557,1-8-2020 12:15,i4jgH/440os=,-73,-73,1,2qEZ,,,
557,1-8-2020 14:34,b2q/PF5m0wM=,-71,-71,1,SvUW,,,
557,1-8-2020 15:24,wSNhMcpxAzA=,-83,-83,1,8HLq,,,
557,3-8-2020 13:04,ieO602Jo1DQ=,-81,-81,1,LDNh,,,
557,3-8-2020 13:57,ihCkWMFK+mQ=,-67,-71,2,8g1Q,,,
557,3-8-2020 19:45,WtVP+ERZSVE=,-81,-81,2,YgM7,,,
557,4-8-2020 00:27,5c+pSydGIAM=,-77,-77,1,dGf3,,,
557,4-8-2020 12:46,adYRfsg8tQY=,-81,-79,2,iIMi,,,
557,4-8-2020 13:55,oi+4K4IdWc4=,-79,-79,1,2qEZ,,,
557,4-8-2020 15:22,i7XOoJO/e+8=,-67,-67,1,aOzF,,,
557,4-8-2020 15:49,BP39ydVVSvc=,-77,-77,1,Dg3l,,,
557,5-8-2020 10:39,syj9t3VvlWg=,-73,-73,1,krXi,,,
557,5-8-2020 11:27,VFFj2/dLQwE=,-81,-81,1,Wg1R,,,
557,5-8-2020 11:56,9cUKZafkspg=,-70,-71,2,SpPh,,,
557,5-8-2020 12:14,i7XOoJO/e+8=,-61,-61,1,aOzF,,,
557,5-8-2020 12:17,aTLXJ2s36TY=,-77,-77,1,ZsCz,,,
557,5-8-2020 13:00,Sn00YPT5yRk=,-76,-73,2,8HLq,,,
557,5-8-2020 13:25,8c+fNsC6M1w=,-63,-63,1,Boub,,,
557,5-8-2020 14:03,uQvn0haowyQ=,-85,-85,1,2qEZ,,,
557,5-8-2020 14:09,f6dh1TMYFlE=,-79,-79,1,ZgED,,,
557,6-8-2020 01:59,V5VGV5/X6l8=,-61,-61,1,XF9n,,,
557,6-8-2020 09:51,/MQNctqm0LE=,-73,-73,2,2qEZ,,,
557,6-8-2020 10:51,UGdg1LaNT7I=,-85,-85,2,2qEZ,,,
557,6-8-2020 12:53,+TdkkWWXSqE=,-81,-81,1,dGf3,,,
557,6-8-2020 14:50,t5Dqad0RVGI=,-81,-81,1,zGHl,,,
557,6-8-2020 16:01,yHAUGq9ipcA=,-75,-75,1,Vgxv,,,
557,6-8-2020 22:15,48ObbNWbtvI=,-87,-87,1,HCMs,,,
557,7-8-2020 06:45,ItnOTbL8ihM=,-83,-83,1,PI0g,,,
557,7-8-2020 09:04,pVqIsVqjqW0=,-53,-53,1,qJZ1,,,
557,7-8-2020 09:10,WjAAvVnaFrE=,-78,-77,2,vv6W,,,
557,7-8-2020 10:25,fjUVJu522WY=,-79,-79,1,xu5S,,,
557,7-8-2020 11:37,F/r/IhGr77Q=,-85,-85,1,biVj,,,
557,8-8-2020 04:30,z1iMEnxdKfI=,-78,-79,2,fN2Q,,,
557,8-8-2020 13:05,gCzTn3h8Q9c=,-64,-65,2,oh0Q,,,
557,8-8-2020 23:57,OK5mfaWVP1A=,-83,-83,1,2qEZ,,,
557,9-8-2020 02:27,8KLs4EXLPI0=,-79,-79,1,#NAME?,,,
557,9-8-2020 06:31,STCdu/UFGiw=,-83,-83,1,kozi,,,
557,9-8-2020 07:59,V5VGV5/X6l8=,-71,-71,1,XF9n,,,
557,10-8-2020 06:14,NhxQjKPUGMw=,-83,-83,1,lFel,,,
557,10-8-2020 08:09,ovDfMvOEgdY=,-77,-77,1,hhut,,,
557,10-8-2020 23:09,xRZaka+Tu+U=,-84,-85,2,pGzx,,,
557,11-8-2020 09:18,m+OmkrQkYTo=,-83,-83,1,Kvl+,,,
557,11-8-2020 10:20,r+mw7f4osWs=,-77,-77,1,nE/P,,,
557,11-8-2020 11:43,NU3kKeTuHEk=,-79,-79,1,2qEZ,,,
557,11-8-2020 12:16,bNV29uNlgtY=,-81,-81,1,ouPF,,,
557,11-8-2020 14:28,ZmcZ2TOoKz4=,-79,-79,1,lq9e,,,
557,11-8-2020 14:57,5Q0pyufadY0=,-79,-79,1,1hoC,,,
557,12-8-2020 09:16,O4H31UIp1TU=,-75,-75,1,QjUx,,,
557,12-8-2020 09:23,dBPcpmD0NMk=,-89,-89,1,LPCi,,,
557,12-8-2020 10:39,Q5y2chIVaf0=,-83,-83,1,Vt40,,,
557,12-8-2020 10:40,yxFGHolayvY=,-73,-73,2,rhEA,,,
557,13-8-2020 09:53,PiV5nwjAhKY=,-83,-83,1,eriG,,,
557,13-8-2020 13:22,u3748q8Eocw=,-79,-79,1,7itj,,,
557,13-8-2020 21:59,i7XOoJO/e+8=,-65,-65,1,aOzF,,,
557,14-8-2020 08:18,oibm0dbcI98=,-89,-89,1,cjmu,,,
557,14-8-2020 09:01,DjjFJ0vazrs=,-80,-79,2,nOBj,,,
557,14-8-2020 13:35,4iHRA5u8BKc=,-55,-55,1,6lkm,,,
557,14-8-2020 14:21,MRFrR/Sr1vA=,-71,-71,1,1ipD,,,
557,14-8-2020 19:14,tPnXZWg/dGU=,-80,-79,2,eKu7,,,
557,15-8-2020 07:20,OTj2PZdkUeI=,-79,-79,1,AgAA,,,
557,15-8-2020 08:07,dXMbMC3n9kc=,-81,-81,1,erJ6,,,
557,15-8-2020 11:54,yyB0EMGsTzI=,-79,-79,1,apfZ,,,
557,15-8-2020 12:33,UDlOMB8tyvc=,-85,-85,1,Xnyd,,,
557,15-8-2020 12:40,VyIxNIBLFcg=,-69,-69,2,rqsF,,,
557,15-8-2020 16:16,4Y5DKu9Xzrg=,-83,-83,1,YkeE,,,
557,16-8-2020 15:59,AsLvbj/IazQ=,-88,-87,2,OC3o,,,
557,16-8-2020 21:28,lMh2gQFahLM=,-83,-83,1,BOpW,,,
557,17-8-2020 02:16,NOfzpCZeCv4=,-85,-85,2,RAcL,,,
557,17-8-2020 08:11,ARGokYg645I=,-57,-57,2,inlK,,,
557,17-8-2020 10:20,Sn00YPT5yRk=,-70,-73,2,8HLq,,,
557,17-8-2020 11:35,hwW9SgYCrXg=,-75,-73,2,2qEZ,,,
557,17-8-2020 13:04,Q6EvZ1EWPx0=,-81,-81,1,1nGE,,,
557,17-8-2020 16:05,i7XOoJO/e+8=,-65,-65,1,aOzF,,,
557,17-8-2020 21:39,tPnXZWg/dGU=,-80,-79,2,eKu7,,,
557,18-8-2020 01:27,9+PHRLL36Fo=,-779,-73,22,zG6k,,,
557,18-8-2020 07:40,vXqDH1H8zd4=,-71,-71,1,RiBW,,,
557,18-8-2020 10:46,UPkQbd85YLA=,-71,-71,1,fvBK,,,
557,18-8-2020 15:21,5hDi4UHJUYU=,-63,-63,1,5irL,,,
557,19-8-2020 11:41,Keyj+GHC+CU=,-85,-85,2,BomW,,,
557,19-8-2020 14:13,ReG393ntKu4=,-81,-81,2,1pZP,,,
557,19-8-2020 14:44,/lNZLq1cYlo=,-59,-63,2,knJU,,,
557,19-8-2020 16:34,A2k6jYOFD6k=,-78,-79,2,VCqi,,,
557,20-8-2020 08:51,ctub5DhzuKY=,-77,-79,2,2ugd,,,
557,20-8-2020 09:13,7a98ofrzKII=,-81,-81,1,dsjJ,,,
557,20-8-2020 12:29,smlqvOb07yI=,-77,-77,1,dGD6,,,
557,20-8-2020 13:06,HAFgN3tR/OM=,-77,-77,1,ctOf,,,
557,20-8-2020 13:07,m4dZriHOHL4=,-71,-71,1,ml7M,,,
557,20-8-2020 15:12,X+BJntFa3C8=,-54,-53,2,1mEz,,,
557,20-8-2020 17:11,jDp40PxjJAM=,-71,-73,2,lk7K,,,
557,20-8-2020 18:40,c70Q3h6UN8U=,-73,-75,2,jhd+,,,
557,21-8-2020 07:36,dmW3v8zLDyw=,-73,-73,1,1DsE,,,
557,21-8-2020 09:15,YlDxvE2gdZk=,-87,-87,1,KlqH,,,
557,21-8-2020 10:10,dmW3v8zLDyw=,-79,-79,1,1DsE,,,
557,21-8-2020 10:43,2gP8RloSknk=,-52,-53,2,6qg0,,,
557,21-8-2020 12:01,yoKC00Y+HPM=,-74,-69,2,2qEZ,,,
557,21-8-2020 12:27,d/kmxjcds+s=,-54,-53,2,1v2H,,,
557,21-8-2020 13:08,3z7IHodZew4=,-79,-79,1,2qEZ,,,
557,21-8-2020 13:12,trs3RGk057M=,-73,-75,2,3lCp,,,
557,22-8-2020 12:39,1unegBK5b8w=,-71,-71,1,hmA5,,,
557,22-8-2020 13:44,NOfzpCZeCv4=,-77,-77,1,RAcL,,,
557,22-8-2020 14:27,ruAcBycBgE4=,-415,-40,2,Umx2,,,
557,23-8-2020 01:15,p/Bgv6IIpxg=,-87,-87,1,8Hlg,,,
557,23-8-2020 05:11,z1iMEnxdKfI=,-74,-79,2,fN2Q,,,
557,23-8-2020 06:52,faWWgg2m/gg=,-85,-85,1,1PVH,,,
557,23-8-2020 16:36,8KLs4EXLPI0=,-81,-81,2,#NAME?,,,
557,24-8-2020 10:09,n8ZCGR+Z8aE=,-81,-81,1,MP04,,,
557,24-8-2020 13:10,XAenEPf1joc=,-71,-71,1,OKKM,,,
557,24-8-2020 13:22,LYHgB4AHD+g=,-66,-65,2,3o/s,,,
557,24-8-2020 13:37,UHa/025iR38=,-85,-85,2,VsAK,,,
557,24-8-2020 16:23,V5VGV5/X6l8=,-67,-67,1,XF9n,,,
557,24-8-2020 20:27,DA0f6i4B9bw=,-77,-77,1,DC+w,,,
557,25-8-2020 06:57,XAenEPf1joc=,-73,-73,2,OKKM,,,
557,25-8-2020 07:52,G4H79XEZ9/g=,-778,-67,13,TGZB,,,
557,25-8-2020 08:04,NYa9NVlHQsA=,-66,-59,2,2qEZ,,,
557,25-8-2020 13:30,rabT7GrJLRM=,-73,-73,1,chlu,,,
557,25-8-2020 22:48,r+mw7f4osWs=,-84,-83,2,nE/P,,,
557,26-8-2020 10:03,UImYT3/N0rs=,-81,-81,1,Ml3m,,,
557,26-8-2020 11:53,YXExAQHOmMQ=,-85,-85,1,/sHG,,,
557,26-8-2020 12:35,IlUh+q2LePo=,-58,-63,2,SrSb,,,
557,26-8-2020 13:53,A2/BC+zzBLA=,-81,-81,1,PFKC,,,
557,27-8-2020 05:26,V5VGV5/X6l8=,-71,-71,1,XF9n,,,
557,27-8-2020 12:47,NFVJz3QCR3k=,-73,-73,1,UseE,,,
557,27-8-2020 17:51,5rNzJnG0HF0=,-57,-57,1,TnJX,,,
557,27-8-2020 18:01,Sn00YPT5yRk=,-73,-75,2,8HLq,,,
557,27-8-2020 21:47,CA+3rGkulnk=,-81,-81,1,lJ8+,,,
557,27-8-2020 23:19,ZEFS80xvQEY=,-77,-77,1,bK34,,,
557,28-8-2020 01:19,XAenEPf1joc=,-71,-71,1,OKKM,,,
557,28-8-2020 13:15,xdxFhSNCtoM=,-59,-59,1,puK9,,,
557,28-8-2020 14:51,XAenEPf1joc=,-63,-63,1,OKKM,,,
557,28-8-2020 14:59,Kwo8JY+X8so=,-67,-67,1,jsz4,,,
557,29-8-2020 08:25,tTmjFdIHyn4=,-85,-85,1,7gjY,,,
557,29-8-2020 11:06,OTj2PZdkUeI=,-67,-67,1,AgAA,,,
557,29-8-2020 12:21,dfBuucYYpuM=,-71,-71,1,fmYQ,,,
557,29-8-2020 12:29,+FYgqYWzhdI=,-65,-65,1,1hQS,,,
557,29-8-2020 12:55,MNhukYO7F/Y=,-79,-79,1,2qEZ,,,
557,29-8-2020 13:58,6j/E87hI8do=,-83,-83,1,okFH,,,
557,29-8-2020 14:25,XIDVa0B7bM0=,-83,-83,1,vv+J,,,
557,30-8-2020 11:10,i7XOoJO/e+8=,-59,-59,1,aOzF,,,
557,31-8-2020 13:15,e6uiTqRJqgU=,-83,-83,1,9g5P,,,
557,31-8-2020 13:31,br6o9WixEcM=,-79,-79,1,Fi7R,,,
557,31-8-2020 20:17,A2k6jYOFD6k=,-77,-77,2,VCqi,,,
557,1-9-2020 00:46,q9EmNRUZb6g=,-81,-81,2,sG/g,,,
557,1-9-2020 07:44,EB451Jo/cFo=,-73,-69,11,2qEZ,,,
557,1-9-2020 11:02,TBiJkA0O+Ag=,-81,-79,2,3r7r,,,
557,2-9-2020 10:21,i7XOoJO/e+8=,-63,-63,1,aOzF,,,
557,2-9-2020 11:33,TK7Ogj5dX/E=,-83,-83,1,1mDy,,,
557,2-9-2020 15:00,hpKy07BJuZQ=,-81,-81,1,OHhi,,,
557,2-9-2020 17:18,DOYzjPFTZTM=,-77,-77,1,GGWQ,,,
557,3-9-2020 04:02,kkvOYEjsJHw=,-85,-85,2,wNLd,,,
557,3-9-2020 08:27,wSNhMcpxAzA=,-82,-81,2,8HLq,,,
557,3-9-2020 10:52,Iv42jegvR1I=,-71,-71,2,Askk,,,
557,3-9-2020 14:49,NhxQjKPUGMw=,-87,-87,1,lFel,,,
557,3-9-2020 18:01,i7XOoJO/e+8=,-61,-61,1,aOzF,,,
557,3-9-2020 18:19,QWC9+ZR0iOA=,-65,-65,1,Ug3H,,,
557,4-9-2020 10:32,DA0f6i4B9bw=,-85,-81,2,DC+w,,,
557,4-9-2020 10:39,meaFLlGRtos=,-77,-77,1,rlbv,,,
557,4-9-2020 12:25,36qaWLElbpY=,-73,-73,1,4hl4,,,
557,4-9-2020 12:40,OlGUvSkX1A4=,-75,-75,1,AohG,,,
557,4-9-2020 16:04,i7XOoJO/e+8=,-59,-59,2,aOzF,,,
557,5-9-2020 10:22,jq542aeGtEk=,-42,-43,2,8lou,,,
557,5-9-2020 10:31,Ifh4CWNxsCo=,-55,-57,2,pmzr,,,
557,5-9-2020 13:13,rWaiu1LdTMg=,-79,-79,1,Jrd0,,,
557,5-9-2020 13:17,hx1nzvb/gq4=,-86,-85,2,9H3v,,,
557,5-9-2020 13:51,8O5yOiArqZo=,-79,-79,1,mpJ3,,,
557,5-9-2020 15:24,uAUjJ+C3rqY=,-81,-81,1,Vsk4,,,
557,7-9-2020 03:42,NOfzpCZeCv4=,-77,-77,1,RAcL,,,
557,7-9-2020 11:53,1HVEnFK04qY=,-69,-69,2,1iam,,,
557,7-9-2020 12:55,V5VGV5/X6l8=,-73,-73,1,XF9n,,,
557,7-9-2020 13:25,xRZaka+Tu+U=,-83,-83,1,pGzx,,,
557,7-9-2020 14:06,PiFzA0EEcrI=,-80,-79,2,2qEZ,,,
557,7-9-2020 18:35,WldxP+KMOIk=,-73,-77,2,OqD6,,,
557,8-9-2020 02:03,4eua+bfv9NU=,-85,-85,1,QIMd,,,
557,8-9-2020 09:31,Snvph9f+WFU=,-83,-83,1,iFOV,,,
557,8-9-2020 12:46,Sn00YPT5yRk=,-81,-81,1,8HLq,,,
557,9-9-2020 06:57,Ba91mmHq4kA=,-87,-87,1,NBKY,,,
557,9-9-2020 10:00,wskM2/sG1UI=,-81,-81,1,bovi,,,
557,9-9-2020 10:26,LzPEtIM+zWI=,-65,-65,2,ipvp,,,
557,9-9-2020 13:56,Dg5B7LcJ20A=,-31,-43,1,iHl+,,,
557,9-9-2020 23:19,5c+pSydGIAM=,-77,-77,1,dGf3,,,
557,10-9-2020 09:18,K829zGTTeuU=,-76,-73,2,woLE,,,
557,10-9-2020 10:29,xWFYjmDH0eA=,-85,-85,1,YtwL,,,
557,10-9-2020 14:10,Qy8g9ENup90=,-71,-71,1,l2fb,,,
557,10-9-2020 18:12,SxjfsBprrTk=,-75,-75,2,Lj3m,,,
557,11-9-2020 06:41,i7XOoJO/e+8=,-67,-67,1,aOzF,,,
557,11-9-2020 08:51,vm/EjT6gYjc=,-75,-75,1,juSZ,,,
557,11-9-2020 12:40,REDVlfi/KD4=,-81,-81,1,voD+,,,
557,11-9-2020 13:32,XAenEPf1joc=,-63,-63,1,OKKM,,,
557,11-9-2020 15:00,Kr/w9P4L9S4=,-83,-83,1,CMwn,,,
557,11-9-2020 15:16,h+hr+16vNv0=,-75,-75,1,eu2Q,,,
557,11-9-2020 18:41,n8ZCGR+Z8aE=,-83,-83,1,MP04,,,
557,12-9-2020 12:24,liVOMvR1bt8=,-51,-51,1,gs2/,,,
557,12-9-2020 13:10,6yvu1UDZiIs=,-65,-65,2,zGHl,,,
557,12-9-2020 13:55,LV+L/HTrzTw=,-85,-85,1,jOvG,,,
557,13-9-2020 00:01,8KLs4EXLPI0=,-77,-77,2,#NAME?,,,
557,13-9-2020 09:56,mzgQuqHp50A=,-81,-81,1,YgsJ,,,
557,13-9-2020 12:04,1dLGmBW+zFA=,-85,-85,1,ar+o,,,
557,13-9-2020 12:12,0tCgmeQ8iKE=,-71,-71,1,gngh,,,
557,13-9-2020 13:06,bVFUtKGOxyw=,-85,-85,1,wo0e,,,
557,14-9-2020 00:25,9+PHRLL36Fo=,-788,-75,18,zG6k,,,
557,14-9-2020 09:39,b2kUcycpOD4=,-74,-75,2,jluy,,,
557,15-9-2020 09:31,pLhVYFaQnhA=,-67,-65,2,DpGA,,,
557,15-9-2020 10:16,ZEFS80xvQEY=,-719,-69,15,bK34,,,
557,15-9-2020 11:06,AYBq2HnWrME=,-75,-75,1,FseK,,,
557,15-9-2020 11:39,oQB68Al/VmI=,-83,-83,1,QojK,,,
557,15-9-2020 12:49,Sn00YPT5yRk=,-75,-75,1,8HLq,,,
557,15-9-2020 18:00,z77QUudv5rA=,-85,-85,1,nntz,,,
557,16-9-2020 11:16,23T5j/tPkSE=,-77,-73,2,Sl12,,,
557,16-9-2020 12:37,vl9UlE/zsBE=,-77,-77,1,cCiL,,,
557,16-9-2020 12:50,LysiCUEWBm8=,-76,-75,2,Ygsy,,,
557,16-9-2020 13:29,KigixNlwivY=,-49,-49,2,sueu,,,
557,16-9-2020 18:41,CY5Wn4zlT6Q=,-89,-89,1,9MJI,,,
557,17-9-2020 05:03,ZEFS80xvQEY=,-78,-77,10,bK34,,,
557,17-9-2020 08:47,wSNhMcpxAzA=,-89,-89,1,8HLq,,,
557,17-9-2020 11:12,z1iMEnxdKfI=,-84,-85,2,fN2Q,,,
557,17-9-2020 11:13,iY9xxaahemw=,-81,-79,2,2qEZ,,,
557,17-9-2020 18:01,yBRMUHb/DCg=,-41,-41,2,VtAd,,,
557,17-9-2020 19:44,7Fwy9aHecz0=,-87,-87,1,QPAv,,,
557,18-9-2020 01:37,lMh2gQFahLM=,-83,-83,1,BOpW,,,
557,18-9-2020 09:34,mINCBmyuwUo=,-75,-75,1,5odw,,,
557,18-9-2020 09:45,5q0OVbceJvc=,-60,-65,2,Lhu8,,,
557,18-9-2020 11:41,zH6hnO14XnI=,-65,-61,2,HnXh,,,
557,18-9-2020 14:33,+MNhosyWFpw=,-75,-75,1,AAzn,,,
557,18-9-2020 15:54,IqF9EOuG6fs=,-85,-85,1,KgmG,,,
557,18-9-2020 20:35,XAenEPf1joc=,-69,-69,2,OKKM,,,
557,18-9-2020 21:04,vtlcJx5O5cA=,-85,-85,1,oBgo,,,
557,19-9-2020 07:47,tK+fQUBACLM=,-79,-79,1,iIMi,,,
557,19-9-2020 08:46,CA+3rGkulnk=,-77,-75,2,lJ8+,,,
557,19-9-2020 09:44,tKSX2ZaRqio=,-71,-71,1,FqRc,,,
557,19-9-2020 11:39,84caxExNYXM=,-58,-59,2,IhNN,,,
557,19-9-2020 12:17,C3pWihIzjdk=,-81,-79,2,BjJW,,,
557,19-9-2020 15:03,jK9LJm09LAg=,-60,-61,2,rhOA,,,
557,21-9-2020 07:44,/CGOx/b5Owk=,-75,-75,1,pOl1,,,
557,21-9-2020 12:09,p1gf9HkoxJI=,-62,-61,2,hrGh,,,
557,21-9-2020 12:17,RJ+IkHTG3CQ=,-69,-69,1,in5E,,,
557,21-9-2020 13:09,lRm6EBhahac=,-81,-81,1,sgsx,,,
557,22-9-2020 08:34,7ZUcmZ+zJDo=,-83,-83,1,zn+q,,,
557,22-9-2020 08:52,OTj2PZdkUeI=,-39,-59,1,AgAA,,,
557,23-9-2020 02:10,n8ZCGR+Z8aE=,-79,-79,1,MP04,,,
557,23-9-2020 09:14,xi1L12DUm68=,-81,-81,1,2FV1,,,
557,24-9-2020 05:47,xRZaka+Tu+U=,-83,-83,1,pGzx,,,
557,24-9-2020 08:40,OvXbGr+hLfA=,-89,-89,1,Lksp,,,
557,24-9-2020 10:02,XAenEPf1joc=,-60,-59,2,OKKM,,,
557,24-9-2020 23:04,z1iMEnxdKfI=,-85,-85,1,fN2Q,,,
557,25-9-2020 02:05,vcQ4DZZTh9s=,-85,-85,2,QIPe,,,
557,25-9-2020 09:04,NNMHZ3QTgKg=,-75,-75,1,2qEZ,,,
557,25-9-2020 10:09,GVu2smXhxmk=,-55,-49,2,Xsj+,,,
557,25-9-2020 12:37,+TdkkWWXSqE=,-83,-83,1,dGf3,,,
557,25-9-2020 12:56,rdpnxolWvcE=,-73,-73,1,TuCV,,,
557,25-9-2020 20:53,V5VGV5/X6l8=,-71,-71,1,XF9n,,,
557,25-9-2020 23:27,i7XOoJO/e+8=,-60,-59,2,aOzF,,,
557,26-9-2020 06:56,i7XOoJO/e+8=,-57,-57,1,aOzF,,,
557,26-9-2020 09:49,igxoewGyfMs=,-78,-77,2,XnUN,,,
557,26-9-2020 12:08,wnvtLYg+Bf0=,-83,-83,1,3rST,,,
557,26-9-2020 12:16,ph8bJtmTxfM=,-27,-51,1,3Zgl,,,
557,26-9-2020 12:37,oRSH4fYRQc8=,-81,-81,1,PKQd,,,
557,26-9-2020 12:40,4n2DGd1m4Vw=,-69,-69,1,IrSo,,,
557,26-9-2020 13:49,fKNP7n4kEDA=,-65,-65,1,tpne,,,
557,28-9-2020 09:06,V5VGV5/X6l8=,-67,-67,1,XF9n,,,
557,28-9-2020 17:05,8HJrDk6fClQ=,-65,-65,1,2GjD,,,
557,29-9-2020 08:22,5O7fMnmHrg4=,-81,-81,2,tiYx,,,
557,29-9-2020 08:48,z1iMEnxdKfI=,-85,-85,1,fN2Q,,,
557,29-9-2020 10:33,V4m00RUkOkI=,-75,-75,1,wIxx,,,
557,29-9-2020 12:44,U15V2jAfxHc=,-75,-75,1,CsE0,,,
557,29-9-2020 17:10,JtWCyqgMfiw=,-81,-81,1,TzqN,,,
557,30-9-2020 09:00,7+DIOuuGQvc=,-72,-71,2,Tpxi,,,
557,30-9-2020 11:58,HaAgTwdToiY=,-77,-77,1,RJFg,,,
557,30-9-2020 13:24,rhvd3WQVqGw=,-77,-77,1,hi+p,,,
557,30-9-2020 14:28,S/BKnBQBr6A=,-81,-81,1,8s6T,,,
557,30-9-2020 14:41,QnaQhs1JtvA=,-64,-63,2,WigR,,,
557,30-9-2020 17:16,R/7Wfrsqg3Q=,-85,-85,1,VhDc,,,
557,1-10-2020 10:13,3hcP7mZOP0w=,-85,-85,1,Uta1,,,
557,1-10-2020 10:23,bQ+7OFukVR0=,-69,-69,1,xgOp,,,
557,2-10-2020 10:23,YiUSEVtpIaQ=,-87,-87,1,gkh0,,,
557,2-10-2020 11:44,biP5HrJP5uU=,-81,-81,2,hhbi,,,
557,2-10-2020 12:28,L3IdUOeHLXI=,-55,-55,2,uCrc,,,
557,2-10-2020 12:54,AmJQpYq/97A=,-73,-73,1,2qEZ,,,
557,2-10-2020 13:26,NHACoxyk6so=,-63,-65,2,mhLF,,,
557,2-10-2020 13:50,u6g3qXTEIqE=,-65,-65,1,dqxD,,,
557,2-10-2020 14:26,83Hitu8RKUw=,-75,-75,1,#NAME?,,,
557,3-10-2020 09:06,0v3VE5o3K38=,-77,-77,1,OmeN,,,
557,3-10-2020 09:08,e4ZyQ5lKAUY=,-85,-85,1,BLMQ,,,
557,3-10-2020 21:24,8KLs4EXLPI0=,-75,-75,2,#NAME?,,,
557,4-10-2020 15:27,i7XOoJO/e+8=,-57,-57,1,aOzF,,,
557,4-10-2020 20:40,ZEFS80xvQEY=,-81,-81,1,bK34,,,
557,5-10-2020 01:38,NhxQjKPUGMw=,-83,-83,1,lFel,,,
557,5-10-2020 06:52,lYXFXafD4ws=,-81,-83,2,Lkud,,,
557,5-10-2020 14:59,71ULdXUwDw0=,-65,-65,1,Ns62,,,
557,5-10-2020 19:47,vieZ6A3Gy/M=,-83,-83,1,inYn,,,
557,6-10-2020 08:20,Je3Hqw1DCw0=,-71,-69,2,PqtX,,,
557,6-10-2020 09:55,NhxQjKPUGMw=,-83,-83,1,lFel,,,
557,7-10-2020 08:04,Xo7rXL+e/3k=,-81,-81,1,Ui0g,,,
557,7-10-2020 08:22,V5VGV5/X6l8=,-71,-71,1,XF9n,,,
557,7-10-2020 14:42,ZBLJQQ26kWE=,-71,-71,1,BtUU,,,
557,8-10-2020 10:41,ZEFS80xvQEY=,-81,-81,1,bK34,,,
557,8-10-2020 10:53,i7XOoJO/e+8=,-57,-57,1,aOzF,,,
557,8-10-2020 17:33,tPnXZWg/dGU=,-78,-77,2,eKu7,,,
557,8-10-2020 18:27,AmP/P9qcQfk=,-89,-89,1,rpdq,,,
557,8-10-2020 23:08,/CGOx/b5Owk=,-87,-87,1,pOl1,,,
557,9-10-2020 05:06,XAenEPf1joc=,-72,-71,2,OKKM,,,
557,9-10-2020 09:54,lsHvsq1/LY0=,-79,-79,1,Av0x,,,
557,9-10-2020 13:49,8jWh8moXJnw=,-65,-63,2,lvw3,,,
557,9-10-2020 14:02,MYtJrBdUPfg=,-47,-47,1,vglH,,,
557,9-10-2020 22:42,/CGOx/b5Owk=,-78,-81,2,pOl1,,,
557,10-10-2020 10:27,S1vvBbXOatE=,-77,-77,1,oib6,,,
557,10-10-2020 10:28,kjYCd2LTVQM=,-79,-79,1,lh11,,,
557,10-10-2020 11:55,cH+uahKq6W0=,-75,-75,1,2qEZ,,,
557,10-10-2020 12:07,E4TO5P5+cw0=,-83,-83,1,9hBn,,,
557,10-10-2020 12:22,CA+3rGkulnk=,-81,-81,1,lJ8+,,,
557,10-10-2020 13:17,HtP7UHGUKlY=,-61,-55,1,GrZ5,,,
557,10-10-2020 13:31,F/zAN6gjUhY=,-64,-65,2,AtqR,,,
557,10-10-2020 13:34,imjLMCSaNXo=,-73,-73,1,MFVw,,,
557,10-10-2020 13:59,68jCdRxsWdA=,-83,-83,1,oSMq,,,
557,10-10-2020 16:32,0aoPuLQHvu4=,-74,-75,2,BA48,,,
557,11-10-2020 02:10,ZEFS80xvQEY=,-81,-81,2,bK34,,,
557,11-10-2020 07:10,ZkIa3XPMuRU=,-69,-69,2,uLuv,,,
557,11-10-2020 13:45,faWWgg2m/gg=,-85,-85,1,1PVH,,,
557,11-10-2020 15:20,nQhatitzAiA=,-85,-85,1,9Buh,,,
557,11-10-2020 20:32,vtlcJx5O5cA=,-83,-83,1,oBgo,,,
557,12-10-2020 12:08,z1iMEnxdKfI=,-77,-77,1,fN2Q,,,
557,12-10-2020 13:03,nVMRGalwJ8M=,-85,-85,1,rhfq,,,
557,12-10-2020 13:27,TXbxtT1rVIk=,-73,-73,1,KjEx,,,
557,13-10-2020 02:32,faWWgg2m/gg=,-87,-87,1,1PVH,,,
557,13-10-2020 09:53,UaCpTVJozlU=,-83,-83,1,ojXj,,,
557,13-10-2020 13:01,tSBE5AyA3nE=,-73,-73,1,9GMf,,,
557,13-10-2020 13:10,29h9ojqSl5A=,-79,-79,1,6plq,,,
557,13-10-2020 14:08,xRl6PzFPs7o=,-74,-71,2,Pk34,,,
557,13-10-2020 23:56,aQuolMvxuRk=,-78,-77,2,wEoA,,,
557,14-10-2020 07:45,5m2Jdx37a5U=,-85,-85,1,zo+t,,,
557,15-10-2020 08:31,Jr/HFxwMYbQ=,-77,-77,1,Go/G,,,
557,15-10-2020 13:29,TqP/POhNotA=,-73,-73,1,qmEQ,,,
557,15-10-2020 15:12,m1AF56JsjzI=,-79,-79,1,Gr4H,,,
557,15-10-2020 21:07,aQuolMvxuRk=,-744,-71,19,wEoA,,,
557,16-10-2020 02:09,i7XOoJO/e+8=,-57,-57,1,aOzF,,,
557,16-10-2020 02:54,CA+3rGkulnk=,-78,-77,2,lJ8+,,,
557,16-10-2020 09:52,P2/kMfDzpS8=,-79,-79,1,NuZO,,,
557,16-10-2020 11:16,CA+3rGkulnk=,-74,-75,2,lJ8+,,,
557,16-10-2020 11:19,7JYiSykp93o=,-53,-53,1,/D2T,,,
557,16-10-2020 11:36,CA+3rGkulnk=,-79,-79,1,lJ8+,,,
557,16-10-2020 14:29,sKiJ7Ck0x8s=,-81,-81,1,Sshw,,,
557,16-10-2020 14:46,YR4+RwHJuFY=,-80,-79,2,cx/M,,,
557,17-10-2020 04:10,V5VGV5/X6l8=,-67,-67,1,XF9n,,,
557,17-10-2020 07:41,uDcDPIkbGQo=,-78,-77,2,1vZU,,,
557,17-10-2020 10:08,1Lw353piqtw=,-65,-65,1,ueke,,,
557,17-10-2020 10:11,d+n5O/xMtr0=,-54,-55,2,pmyk,,,
557,17-10-2020 12:09,xBF5lmljcqI=,-85,-85,1,2oJl,,,
557,17-10-2020 12:46,w+HrTQ42LHk=,-79,-79,1,unSI,,,
557,17-10-2020 15:02,GQB+hz+E8Mk=,-75,-73,2,2qEZ,,,
557,17-10-2020 20:26,vtlcJx5O5cA=,-89,-89,1,oBgo,,,
557,17-10-2020 21:30,ZEFS80xvQEY=,-73,-73,2,bK34,,,
557,18-10-2020 00:25,9+PHRLL36Fo=,-718,-71,10,zG6k,,,
557,18-10-2020 07:31,aQuolMvxuRk=,-772,-75,12,wEoA,,,
557,19-10-2020 02:29,V5VGV5/X6l8=,-71,-69,2,XF9n,,,
557,19-10-2020 03:21,V5VGV5/X6l8=,-73,-73,1,XF9n,,,
557,19-10-2020 07:23,KWQ+mcsWFu0=,-72,-73,2,MAdN,,,
557,19-10-2020 11:08,JYnbISbpnTw=,-81,-81,1,5iyQ,,,
557,19-10-2020 12:45,sasY53gblrg=,-64,-67,2,WMk1,,,
557,20-10-2020 02:52,x1sbMAv+Wj0=,-87,-87,1,fN2Q,,,
557,20-10-2020 03:27,i7XOoJO/e+8=,-59,-59,1,aOzF,,,
557,20-10-2020 08:54,n9hXlZwC704=,-84,-85,2,pHcz,,,
557,20-10-2020 11:53,hX2JyvWwAYE=,-89,-89,1,/ooV,,,
557,20-10-2020 12:06,v2sRIiDK44k=,-85,-85,1,XDOO,,,
557,20-10-2020 12:20,PDp2GkvQzRE=,-83,-83,1,3rAO,,,
557,20-10-2020 13:06,E59sg4d1Ub4=,-73,-73,1,SKa4,,,
557,20-10-2020 13:45,XlDNaHoUgXQ=,-85,-85,1,gg9U,,,
557,20-10-2020 14:35,3LI3OFGrU6k=,-64,-65,2,NtdM,,,
557,20-10-2020 16:08,6M9wBFvMB0E=,-75,-75,1,dira,,,
557,20-10-2020 19:36,x1sbMAv+Wj0=,-87,-87,1,fN2Q,,,
557,21-10-2020 02:09,i7XOoJO/e+8=,-61,-61,1,aOzF,,,
557,21-10-2020 11:28,i7XOoJO/e+8=,-71,-71,1,aOzF,,,
557,21-10-2020 14:40,HGRRFtam7lA=,-85,-85,1,/Lzs,,,
557,21-10-2020 19:06,vtlcJx5O5cA=,-87,-87,1,oBgo,,,
557,22-10-2020 07:45,mYkuVepCqik=,-63,-63,1,W6Oo,,,
557,22-10-2020 08:12,108+TWCwO88=,-83,-83,1,1rsn,,,
557,22-10-2020 09:44,PBccSbin6Q8=,-79,-79,1,ig3L,,,
557,22-10-2020 21:46,NhxQjKPUGMw=,-81,-81,1,lFel,,,
557,23-10-2020 02:01,n8ZCGR+Z8aE=,-85,-85,1,MP04,,,
557,23-10-2020 06:18,Sn00YPT5yRk=,-85,-85,1,8HLq,,,
557,23-10-2020 06:35,nOBDhRTHeXU=,-87,-87,1,Ms2T,,,
557,24-10-2020 06:52,ebh4kDj7K7Y=,-84,-85,2,Ro6w,,,
557,24-10-2020 12:34,DNcatL+KofE=,-61,-61,1,0skQ,,,
557,24-10-2020 13:08,I9g8SUSS3aA=,-85,-85,1,stx3,,,
557,24-10-2020 13:15,GOMPLXg3QYU=,-69,-69,1,0jvJ,,,
557,25-10-2020 13:21,muwwxotjK7Y=,-77,-77,2,XKr9,,,
557,26-10-2020 03:06,i7XOoJO/e+8=,-50,-63,2,aOzF,,,
557,26-10-2020 16:02,o/CaLf/x8Jg=,-83,-83,1,xvtY,,,
557,26-10-2020 19:08,XAenEPf1joc=,-67,-69,2,OKKM,,,
557,27-10-2020 03:24,z1iMEnxdKfI=,-79,-81,2,fN2Q,,,
557,27-10-2020 07:29,CA+3rGkulnk=,-77,-77,1,lJ8+,,,
557,27-10-2020 12:49,geFrC0Aw0Bc=,-84,-83,2,2qEZ,,,
557,27-10-2020 21:18,W+7PydYYs94=,-71,-71,2,gHq/,,,
557,28-10-2020 08:29,auxHJ8Q1mp8=,-87,-87,1,AAzn,,,
557,28-10-2020 15:36,uvxTEtg++lM=,-80,-81,2,CqLw,,,
557,28-10-2020 16:08,i7XOoJO/e+8=,-61,-61,1,aOzF,,,
557,29-10-2020 11:47,tXQ8nRrnN/Q=,-75,-75,1,3kht,,,
557,29-10-2020 18:21,h52o/gO+RsM=,-66,-65,2,0tvJ,,,
557,30-10-2020 10:04,a3Lxaxuv6SI=,-87,-87,1,7fSP,,,
557,30-10-2020 13:19,dmW3v8zLDyw=,-79,-79,1,1DsE,,,
557,30-10-2020 13:28,OTj2PZdkUeI=,-83,-83,1,AgAA,,,
557,30-10-2020 13:29,NhxQjKPUGMw=,-85,-85,1,lFel,,,
557,30-10-2020 14:40,zf7UPip9aes=,-83,-83,1,0O00,,,
557,30-10-2020 15:25,E59sg4d1Ub4=,-73,-71,2,SKa4,,,
557,31-10-2020 04:11,NhxQjKPUGMw=,-84,-85,2,lFel,,,
557,31-10-2020 10:38,uf5yLij49ZQ=,-79,-79,1,qG2q,,,
557,31-10-2020 10:58,NaQ1eOz6U4I=,-89,-89,1,ltTZ,,,
557,31-10-2020 11:35,IMBnCKwK3u8=,-59,-59,1,wtT0,,,
557,31-10-2020 13:40,V4Oo6WinauM=,-65,-63,2,skqg,,,
557,31-10-2020 14:30,STCdu/UFGiw=,-71,-71,2,kozi,,,
557,31-10-2020 15:21,vIXPmBYHKlU=,-69,-69,2,Sl7z,,,
557,1-11-2020 01:07,XAenEPf1joc=,-69,-69,1,OKKM,,,
557,1-11-2020 03:50,V5VGV5/X6l8=,-73,-73,1,XF9n,,,
557,2-11-2020 13:29,BBiCuWcMTaI=,-79,-79,1,pt/0,,,
557,2-11-2020 13:47,PtG5KfAPcEQ=,-87,-87,1,Vrlq,,,
557,3-11-2020 01:02,V5VGV5/X6l8=,-71,-71,1,XF9n,,,
557,3-11-2020 06:25,9+PHRLL36Fo=,-703,-69,16,zG6k,,,
557,3-11-2020 07:52,z1iMEnxdKfI=,-83,-83,1,fN2Q,,,
557,3-11-2020 10:09,F1C0exxSX+4=,-76,-73,2,ZIma,,,
557,3-11-2020 12:57,/JjQ0XPNbio=,-61,-61,1,tq/N,,,
557,3-11-2020 14:43,dmW3v8zLDyw=,-81,-81,1,1DsE,,,
557,3-11-2020 18:16,i7XOoJO/e+8=,-53,-53,1,aOzF,,,
557,3-11-2020 19:03,2W2GtF5O6xw=,-85,-85,1,rhTS,,,
557,4-11-2020 07:04,V5VGV5/X6l8=,-71,-71,1,XF9n,,,
557,4-11-2020 07:17,vcQ4DZZTh9s=,-73,-73,1,QIPe,,,
557,4-11-2020 11:23,R9IxQaIvEG0=,-85,-85,2,iOn+,,,
557,4-11-2020 14:30,348FkxOyNpk=,-77,-77,2,Ok49,,,
557,5-11-2020 08:51,Mv/IniTkTg4=,-71,-71,2,uuAA,,,
557,5-11-2020 09:06,FT8MTi+GA3k=,-85,-85,1,#NAME?,,,
557,5-11-2020 14:42,6/XtYsrOS58=,-67,-69,2,4pwH,,,
557,5-11-2020 18:10,cDzSue/hThw=,-57,-57,2,XlgO,,,
557,6-11-2020 10:01,dsmBHt2zMR0=,-75,-75,1,2pu1,,,
557,6-11-2020 14:07,X9pTVrp5l0g=,-89,-89,1,kju9,,,
557,6-11-2020 22:00,wSNhMcpxAzA=,-85,-85,1,8HLq,,,
557,7-11-2020 08:17,p6IkeYr7U44=,-85,-85,1,7pBA,,,
557,7-11-2020 18:50,Viw0REXq7y0=,-79,-79,1,CMXh,,,
557,8-11-2020 21:42,lMh2gQFahLM=,-87,-87,1,BOpW,,,
557,9-11-2020 10:26,OJr+dWrA5Qc=,-79,-79,1,eic2,,,
557,9-11-2020 12:30,CNktc9wbVYg=,-53,-53,1,eClh,,,
557,9-11-2020 13:02,3PwjHz5747o=,-83,-83,1,WMk1,,,
557,10-11-2020 06:40,2OPhgtuBFrw=,-87,-87,1,cPEc,,,
557,10-11-2020 09:16,V5VGV5/X6l8=,-69,-69,1,XF9n,,,
557,10-11-2020 12:00,f8d/jTLEVPE=,-65,-65,1,EuIl,,,
557,10-11-2020 17:55,XAenEPf1joc=,-67,-67,2,OKKM,,,
557,10-11-2020 21:22,ZEFS80xvQEY=,-78,-77,2,bK34,,,
557,10-11-2020 23:02,DOYzjPFTZTM=,-73,-73,1,GGWQ,,,
557,11-11-2020 09:09,8+ZwTY/w7M8=,-71,-71,1,CvAc,,,
557,11-11-2020 10:19,L2xiqAVOGOY=,-64,-65,2,mot6,,,
557,11-11-2020 17:38,z1iMEnxdKfI=,-81,-77,2,fN2Q,,,
557,11-11-2020 18:39,NhxQjKPUGMw=,-89,-89,1,lFel,,,
557,11-11-2020 21:58,i7XOoJO/e+8=,-61,-55,1,aOzF,,,
557,12-11-2020 05:07,4y52SRiTjfw=,-89,-89,1,AAbH,,,
557,12-11-2020 11:36,E2XgHU4MonM=,-62,-61,2,7IkU,,,
557,12-11-2020 11:44,x+L0YXRrQkA=,-82,-83,2,grQX,,,
557,12-11-2020 12:58,i7XOoJO/e+8=,-59,-59,1,aOzF,,,
557,12-11-2020 12:59,muwwxotjK7Y=,-75,-75,1,XKr9,,,
557,12-11-2020 14:08,1m9sjfMuWkY=,-77,-77,1,AhWb,,,
557,12-11-2020 23:43,CA+3rGkulnk=,-77,-77,1,lJ8+,,,
557,13-11-2020 04:25,ZXS4Aw9QkS0=,-83,-83,1,yK6c,,,
557,13-11-2020 08:47,5hzfE+JkrsY=,-68,-69,2,KxHM,,,
557,13-11-2020 09:30,8KLs4EXLPI0=,-80,-81,2,#NAME?,,,
557,13-11-2020 10:45,i7XOoJO/e+8=,-61,-61,1,aOzF,,,
557,13-11-2020 12:01,CkhoBLXBnAc=,-73,-73,1,PidJ,,,
557,13-11-2020 12:46,wVqj1kjDnM8=,-81,-81,1,Vnva,,,
557,14-11-2020 07:57,wvoCRXaI2JU=,-85,-85,1,Cqdi,,,
557,14-11-2020 09:30,VgB+t4OSXw8=,-83,-83,1,gEVD,,,
557,14-11-2020 09:43,kZelfjyLIpM=,-47,-47,2,jIPh,,,
557,14-11-2020 09:55,33HqkeCK6KU=,-77,-77,1,8tFJ,,,
557,14-11-2020 11:04,MtzrIpB3oso=,-77,-75,2,FrC1,,,
557,14-11-2020 12:46,qwSrQ9hDWE0=,-65,-65,1,xFGS,,,
557,14-11-2020 12:46,OTj2PZdkUeI=,-31,-49,1,AgAA,,,
557,14-11-2020 14:00,kmHiWhFVH5U=,-73,-73,1,loPd,,,
557,14-11-2020 15:28,UWKSuf5YfiQ=,-76,-73,2,alWz,,,
557,14-11-2020 15:47,ec8dLFxESJk=,-684,-63,13,iK3S,,,
557,15-11-2020 02:14,2OPhgtuBFrw=,-84,-83,2,cPEc,,,
557,15-11-2020 03:09,XAenEPf1joc=,-71,-71,2,OKKM,,,
557,15-11-2020 08:05,ZB97d+fVfBo=,-85,-85,1,UplH,,,
557,16-11-2020 08:32,hWGR6j2/r8E=,-79,-71,2,AmBL,,,
557,16-11-2020 11:12,g6FzIaNdzfk=,-85,-85,1,VGAJ,,,
557,16-11-2020 13:05,uKpBJa8kJis=,-81,-81,1,sz16,,,
557,16-11-2020 14:22,E59sg4d1Ub4=,-73,-73,1,SKa4,,,
557,17-11-2020 09:20,z4I6piuwWvk=,-75,-75,1,lqzF,,,
557,17-11-2020 10:37,aYC4GB7hpwI=,-84,-85,2,IvAv,,,
557,17-11-2020 16:40,GvtJnuuNn7A=,-57,-57,2,YOsT,,,
557,18-11-2020 06:48,muwwxotjK7Y=,-76,-77,2,XKr9,,,
557,18-11-2020 07:41,xuEbDtkuDag=,-80,-81,2,FpP7,,,
557,18-11-2020 08:42,6TgKMiMiA8I=,-71,-71,2,2qEZ,,,
557,18-11-2020 10:05,1C7w1RaggIU=,-75,-75,1,khUA,,,
557,18-11-2020 13:49,2OPhgtuBFrw=,-85,-85,1,cPEc,,,
557,18-11-2020 13:50,HAiZq7t/GuI=,-63,-63,1,HQvl,,,
557,19-11-2020 00:24,cDu7hYUkHZc=,-85,-85,1,svh9,,,
557,19-11-2020 02:00,NhxQjKPUGMw=,-81,-81,1,lFel,,,
557,20-11-2020 02:19,muwwxotjK7Y=,-76,-77,2,XKr9,,,
557,20-11-2020 02:52,CA+3rGkulnk=,-81,-81,2,lJ8+,,,
557,20-11-2020 10:36,dmW3v8zLDyw=,-87,-87,1,1DsE,,,
557,20-11-2020 12:46,SCK2Yh+YZDM=,-83,-83,1,BorD,,,
557,20-11-2020 14:51,a+cvGcNhTEs=,-86,-87,2,/k/Q,,,
557,20-11-2020 16:13,muwwxotjK7Y=,-75,-75,1,XKr9,,,
557,20-11-2020 20:45,PRAsH0MYxUw=,-85,-85,2,hh0Q,,,
557,20-11-2020 21:24,muwwxotjK7Y=,-76,-75,2,XKr9,,,
557,20-11-2020 23:40,ILWYWJSQLlg=,-81,-81,1,YbFo,,,
557,21-11-2020 03:41,NkKdL0j+iYQ=,-85,-85,1,tN8E,,,
557,21-11-2020 05:37,F1C0exxSX+4=,-87,-87,1,ZIma,,,
557,21-11-2020 08:15,r+mw7f4osWs=,-81,-81,2,nE/P,,,
557,21-11-2020 09:15,gSoTvBRqWrs=,-734,-71,22,gE5w,,,
557,21-11-2020 19:11,i7XOoJO/e+8=,-59,-59,1,aOzF,,,
557,22-11-2020 11:12,2OPhgtuBFrw=,-83,-83,1,cPEc,,,
557,23-11-2020 10:15,gQaOzPcQCtw=,-69,-69,1,bBnA,,,
557,24-11-2020 03:32,ZtMOKWi3LTo=,-89,-89,1,DFEB,,,
557,24-11-2020 23:52,CA+3rGkulnk=,-83,-83,1,lJ8+,,,
557,25-11-2020 10:19,A91gMAjxE9M=,-82,-81,2,rR2w,,,
557,25-11-2020 10:30,QNRidU4lCpY=,-66,-63,2,1j3H,,,
557,25-11-2020 13:16,0RCDpeTzmns=,-55,-55,1,9sDr,,,
557,25-11-2020 15:47,D3JQcGWG6N0=,-79,-79,1,VmQH,,,
557,26-11-2020 00:02,lMh2gQFahLM=,-81,-81,1,BOpW,,,
557,26-11-2020 07:00,z1iMEnxdKfI=,-81,-83,2,fN2Q,,,
557,26-11-2020 07:21,wCimzhKMmy4=,-89,-89,1,x7CN,,,
557,26-11-2020 10:54,RYzFrGTtUdo=,-75,-75,1,YnMi,,,
557,27-11-2020 10:21,PKi3gQgD254=,-87,-87,1,ofQ/,,,
557,27-11-2020 12:10,i7XOoJO/e+8=,-67,-67,1,aOzF,,,
557,27-11-2020 13:42,8h2ZgoalpkE=,-83,-83,1,fDit,,,
557,27-11-2020 14:07,3e+AM8NphTA=,-77,-77,2,hruR,,,
557,28-11-2020 11:01,ZwPxRzewUV4=,-59,-59,2,AAzn,,,
557,28-11-2020 12:47,ZwdSetVYRyQ=,-55,-55,1,KrqM,,,
557,28-11-2020 12:48,eASzkbGke58=,-60,-63,2,8jPr,,,
557,28-11-2020 12:48,dKMW1W4/kTs=,-75,-75,1,/v4N,,,
557,28-11-2020 13:35,GlTxXVCPXdI=,-83,-83,1,QIPe,,,
557,28-11-2020 14:52,yQ6sQ5cRcCY=,-53,-53,1,gshL,,,
557,29-11-2020 09:42,b/2abOcHLUA=,-89,-89,2,vCXw,,,
557,30-11-2020 03:06,NOfzpCZeCv4=,-81,-81,2,RAcL,,,
557,30-11-2020 17:44,i7XOoJO/e+8=,-53,-53,1,aOzF,,,
557,1-12-2020 00:14,nanFfWBTavQ=,-82,-83,2,ACa2,,,
557,1-12-2020 08:08,l6Yo5SLGX+g=,-79,-79,1,ujaa,,,
557,1-12-2020 12:16,R9iceOTF2xE=,-84,-83,2,Cjia,,,
557,1-12-2020 13:18,me67uOhAowQ=,-7,-40,1,zvMX,,,
557,1-12-2020 13:59,mZJD1U6TwS4=,-76,-75,2,SEUg,,,
557,1-12-2020 14:11,CA+3rGkulnk=,-77,-77,1,lJ8+,,,
557,1-12-2020 15:03,N4/sFAdvGoA=,-69,-69,1,mSmO,,,
557,1-12-2020 15:24,XlIVJRCYoJ0=,-83,-83,1,QLia,,,
557,2-12-2020 12:16,9//jsqx2tBE=,-77,-77,1,a/nA,,,
557,2-12-2020 13:02,tufk4q5dowQ=,-81,-81,1,rrx8,,,
557,2-12-2020 14:44,z1iMEnxdKfI=,-82,-81,2,fN2Q,,,
557,2-12-2020 15:42,z1iMEnxdKfI=,-81,-81,1,fN2Q,,,
557,2-12-2020 22:59,muwwxotjK7Y=,-74,-75,2,XKr9,,,
557,3-12-2020 05:21,5c+pSydGIAM=,-83,-83,1,dGf3,,,
557,3-12-2020 14:45,qDfOKzBc00I=,-53,-53,1,MmsQ,,,
557,4-12-2020 09:49,A7QTsOITsR4=,-75,-75,1,st/u,,,
557,4-12-2020 09:53,F1C0exxSX+4=,-83,-83,1,ZIma,,,
557,4-12-2020 14:53,R08FjgQDlSQ=,-67,-67,1,qIGV,,,
557,4-12-2020 15:09,5c9YFbw1fhw=,-57,-57,1,Ghtr,,,
557,4-12-2020 16:37,FT8MTi+GA3k=,-81,-81,1,#NAME?,,,
557,4-12-2020 19:39,faWWgg2m/gg=,-83,-83,1,1PVH,,,
557,5-12-2020 14:19,B0xjoyD5I40=,-89,-89,1,L5+W,,,
557,5-12-2020 23:14,lMh2gQFahLM=,-87,-87,1,BOpW,,,
557,6-12-2020 03:21,XAenEPf1joc=,-72,-73,2,OKKM,,,
557,6-12-2020 04:47,lMh2gQFahLM=,-79,-79,1,BOpW,,,
557,6-12-2020 05:53,vtlcJx5O5cA=,-85,-85,2,oBgo,,,
557,7-12-2020 00:55,E59sg4d1Ub4=,-73,-73,1,SKa4,,,
557,7-12-2020 02:29,ZEFS80xvQEY=,-75,-75,1,bK34,,,
557,7-12-2020 02:32,NOfzpCZeCv4=,-75,-75,1,RAcL,,,
557,7-12-2020 12:42,caOECF7gVb8=,-42,-42,1,hr16,,,
557,7-12-2020 12:50,aX6+82RsR64=,-81,-81,1,Xv20,,,
557,7-12-2020 21:42,wSNhMcpxAzA=,-89,-89,1,8HLq,,,
557,8-12-2020 06:32,XAenEPf1joc=,-67,-67,2,OKKM,,,
557,8-12-2020 10:05,GYgCtIAveSI=,-41,-41,2,Gm5x,,,
557,8-12-2020 10:31,LwVZ1+6XQCM=,-74,-73,2,AAzn,,,
557,8-12-2020 13:15,n7BkW7BgmJA=,-81,-81,1,/I+Q,,,
557,8-12-2020 17:04,0aoPuLQHvu4=,-681,-65,13,BA48,,,
557,9-12-2020 06:43,z1iMEnxdKfI=,-77,-77,1,fN2Q,,,
557,9-12-2020 08:00,8itMNWUz2FY=,-57,-57,2,ploe,,,
557,9-12-2020 10:37,ki7fP/4Vyh4=,-81,-81,1,gE5w,,,
557,9-12-2020 13:20,i7XOoJO/e+8=,-59,-57,2,aOzF,,,
557,10-12-2020 00:10,z1iMEnxdKfI=,-84,-83,2,fN2Q,,,
557,10-12-2020 00:14,V5VGV5/X6l8=,-67,-67,1,XF9n,,,
557,10-12-2020 07:52,BmsqHawS4U8=,-77,-77,1,2NxA,,,
557,10-12-2020 10:36,Sn00YPT5yRk=,-81,-81,1,8HLq,,,
557,10-12-2020 10:37,C7vZ73p7vco=,-77,-77,1,8vuv,,,
557,10-12-2020 12:44,V5VGV5/X6l8=,-69,-69,1,XF9n,,,
557,10-12-2020 12:48,XFDULgTKYpY=,-79,-79,1,3tXo,,,
557,10-12-2020 15:01,M29yeriTmzw=,-81,-81,1,vtCk,,,
557,10-12-2020 16:10,FmHOseBLbpc=,-73,-73,1,7ln4,,,
557,10-12-2020 17:37,YkFWKGzmlmE=,-72,-71,2,MAdN,,,
557,10-12-2020 19:10,HFHNHGCCdnw=,-81,-81,1,qHdf,,,
557,11-12-2020 08:55,izmkTlldoPY=,-85,-85,1,sCpD,,,
557,11-12-2020 14:01,D+hyKtDEK/g=,-51,-51,1,HgZ4,,,
557,11-12-2020 14:18,7xrrbO919EM=,-69,-71,2,cncR,,,
557,11-12-2020 15:19,CebD05QzMQ0=,-73,-73,2,4uQm,,,
557,11-12-2020 16:22,bR3jx5DWKfo=,-81,-81,1,JApk,,,
557,12-12-2020 02:31,muwwxotjK7Y=,-80,-79,2,XKr9,,,
557,12-12-2020 07:13,9+PHRLL36Fo=,-802,-77,17,zG6k,,,
557,12-12-2020 07:23,lMh2gQFahLM=,-81,-81,1,BOpW,,,
557,12-12-2020 09:58,8KRRkl6C9io=,-78,-77,2,CHgI,,,
557,12-12-2020 11:05,vDE7TYuec48=,-72,-71,2,AnIx,,,
557,12-12-2020 13:16,d+gD791v7JE=,-85,-85,1,TsKr,,,
557,12-12-2020 15:36,pGBeFfcbSOc=,-75,-75,1,l3gm,,,
557,13-12-2020 12:57,muwwxotjK7Y=,-77,-77,1,XKr9,,,
557,13-12-2020 20:27,cvA1R9Tb+5I=,-89,-89,1,uMdd,,,
557,14-12-2020 02:45,vtlcJx5O5cA=,-87,-87,1,oBgo,,,
557,14-12-2020 13:43,Krkbrk/bIok=,-71,-71,1,iqjc,,,
557,14-12-2020 14:52,52/Uw71Mo5M=,-79,-79,1,1ymC,,,
557,14-12-2020 18:10,KU4d15M0lZ0=,-81,-81,2,Pgmg,,,
557,14-12-2020 21:05,V5VGV5/X6l8=,-63,-63,1,XF9n,,,
557,15-12-2020 08:21,cu98PBqOjKQ=,-81,-81,1,xmCy,,,
557,15-12-2020 09:29,z1iMEnxdKfI=,-87,-87,1,fN2Q,,,
557,16-12-2020 04:47,Sn00YPT5yRk=,-79,-79,1,8HLq,,,
557,16-12-2020 09:57,hxyMpZzCVmI=,-59,-59,2,eB4H,,,
557,16-12-2020 09:58,muwwxotjK7Y=,-71,-69,2,XKr9,,,
557,16-12-2020 11:28,4YbAW5nv/cU=,-69,-69,1,HkBU,,,
557,16-12-2020 11:43,yJihKnh4lBA=,-87,-87,1,hodD,,,
557,16-12-2020 15:28,muwwxotjK7Y=,-72,-71,2,XKr9,,,
557,17-12-2020 14:11,PRO7o2gzZvo=,-75,-75,1,WlwC,,,
557,17-12-2020 15:29,E59sg4d1Ub4=,-71,-71,1,SKa4,,,
557,17-12-2020 15:53,hryp23aKPw0=,-79,-79,1,BNaq,,,
557,19-12-2020 00:13,i7XOoJO/e+8=,-65,-65,1,aOzF,,,
557,19-12-2020 01:28,NhxQjKPUGMw=,-85,-83,2,lFel,,,
557,19-12-2020 21:18,XjSN4TIxxsY=,-77,-77,2,Y8Fl,,,
557,20-12-2020 15:05,z1iMEnxdKfI=,-84,-83,2,fN2Q,,,
557,20-12-2020 17:53,n8ZCGR+Z8aE=,-85,-85,2,MP04,,,
557,22-12-2020 09:06,i7XOoJO/e+8=,-69,-69,1,aOzF,,,
557,22-12-2020 09:32,E2XgHU4MonM=,-66,-65,2,7IkU,,,
557,22-12-2020 10:15,uUf+ZTYviS8=,-56,-55,2,9p1v,,,
557,22-12-2020 12:19,muwwxotjK7Y=,-73,-73,1,XKr9,,,
557,22-12-2020 15:56,E59sg4d1Ub4=,-75,-75,1,SKa4,,,
557,23-12-2020 08:56,yrtsTVpsErI=,-75,-75,2,2qEZ,,,
557,23-12-2020 09:42,OTj2PZdkUeI=,-69,-69,2,AgAA,,,
557,23-12-2020 10:10,+OEwlr7fJRw=,-59,-57,2,vrAT,,,
557,23-12-2020 18:00,NMhFHGevE9A=,-757,-73,12,2qEZ,,,
557,23-12-2020 19:13,MxBaw72AQDg=,-79,-79,1,eCjK,,,
557,24-12-2020 00:12,XAenEPf1joc=,-67,-69,2,OKKM,,,
557,24-12-2020 11:13,59e6C/ODZ/Y=,-75,-75,1,8vRZ,,,
557,24-12-2020 12:38,0d1ZAf6atbM=,-81,-81,1,tX6y,,,
557,24-12-2020 18:08,A2k6jYOFD6k=,-86,-85,2,VCqi,,,
557,24-12-2020 20:10,faWWgg2m/gg=,-82,-83,2,1PVH,,,
557,25-12-2020 00:23,i7XOoJO/e+8=,-59,-59,1,aOzF,,,
557,25-12-2020 04:31,E59sg4d1Ub4=,-74,-73,2,SKa4,,,
557,25-12-2020 11:49,b/2abOcHLUA=,-84,-83,2,vCXw,,,
557,25-12-2020 15:14,Xawt2GHcby4=,-89,-89,1,eCjK,,,
557,26-12-2020 06:42,/CGOx/b5Owk=,-85,-85,1,pOl1,,,
557,26-12-2020 08:09,muwwxotjK7Y=,-77,-77,1,XKr9,,,
557,26-12-2020 20:37,9+PHRLL36Fo=,-739,-73,11,zG6k,,,
557,27-12-2020 16:26,Gny4KLRP3ds=,-71,-71,1,Muiq,,,
557,28-12-2020 04:41,NOfzpCZeCv4=,-83,-83,1,RAcL,,,
557,28-12-2020 05:30,wSNhMcpxAzA=,-87,-87,1,8HLq,,,
557,28-12-2020 08:51,5c+pSydGIAM=,-67,-67,1,dGf3,,,
557,28-12-2020 21:10,b/2abOcHLUA=,-81,-81,1,vCXw,,,
557,29-12-2020 07:20,lMh2gQFahLM=,-89,-89,1,BOpW,,,
557,29-12-2020 11:46,M8zQH4JMmzs=,-70,-71,2,KNbI,,,
557,30-12-2020 08:43,6KZujA0oQiQ=,-83,-83,1,EjRm,,,
557,30-12-2020 09:50,i7XOoJO/e+8=,-67,-67,1,aOzF,,,
557,30-12-2020 09:51,OTj2PZdkUeI=,-35,-45,1,AgAA,,,
557,30-12-2020 20:35,NhxQjKPUGMw=,-85,-85,1,lFel,,,
